id,location,state,file,fileSource,latitude,longitude,Tout,ToutDailyVar,ToutAnnualVar,CDD18,CDD25,radDirNorm,radDiffHoriz,windSpeedMet,elevation,CDD18study
0,Feijó,AC,BRA_AC_Feijo.AP.819240_INMET.epw,INMET,-8.14,-70.34,26.07582192,8.189315068,16.90833333,2959.954167,684.475,71.07488584,100.2462329,1.272694064,163,2600.108333
1,Parque Estadual Chandless,AC,BRA_AC_Parque.Chandless.819630_INMET.epw,INMET,-9.37,-69.93,24.87121005,9.475068493,13.79583333,2517.670833,516.7208333,54.87111872,93.86369863,0.40053653,206,2218.758333
2,Porto Walter,AC,BRA_AC_Porto.Walter.819210_INMET.epw,INMET,-8.27,-72.74,26.36347032,8.309315068,18.32916667,3063.666667,766.625,77.89543379,100.5770548,1.237134703,240,2691.016667
3,Rio Branco,AC,BRA_AC_Rio.Branco.829150_INMET.epw,INMET,-9.96,-68.17,25.116621,8.680273973,16.79583333,2611.075,534.775,67.6859589,98.06358447,1.427351598,220,2297.133333
4,Arapiraca,AL,BRA_AL_Arapiraca.AP.819960_INMET.epw,INMET,-9.8,-36.62,24.84299087,8.867123288,7.1375,2497.7625,497.3125,92.53938356,105.6528539,2.793002283,241,2172.279167
5,Coruripe,AL,BRA_AL_Coruripe.866190_INMET.epw,INMET,-10.13,-36.29,25.72098174,6.961917808,6.075,2818.158333,538.9625,95.73949772,104.1971461,2.215502283,74,2457.625
6,Maceió,AL,BRA_AL_Maceio.829940_INMET.epw,INMET,-9.67,-35.74,25.52243151,7.225205479,5.791666667,2745.6875,514.2791667,109.9730594,97.84657534,2.743824201,64,2392.383333
7,Palmeira dos Índios,AL,BRA_AL_Palmeira.dos.Indios.829920_INMET.epw,INMET,-9.41,-36.63,25.27921233,9.032328767,8.575,2656.991667,594.8875,97.04155251,102.3300228,2.681461187,275,2306.55
8,Pão de Açúcar,AL,BRA_AL_Pao.de.Acucar.819940_INMET.epw,INMET,-9.75,-37.44,27.28173516,10.48328767,9.391666667,3387.833333,1079.145833,112.9133562,97.88481735,1.81989726,19,2939.6875
9,São Luís do Quitunde,AL,BRA_AL_Sao.Luis.do.Quitunde.819970_INMET.epw,INMET,-9.29,-35.57,25.42211187,8.379452055,6.441666667,2709.2375,575.2625,67.22762557,112.1226027,1.702682648,19,2361.425
10,Autazes,AM,BRA_AM_Autazes.817320_INMET.epw,INMET,-3.58,-59.13,26.50482877,8.039452055,5.125,3104.2625,713.5208333,59.53276256,100.9097032,0.781050228,28,2731.5375
11,Barcelos,AM,BRA_AM_Barcelos.AP.816480_INMET.epw,INMET,-0.99,-62.92,26.26980594,8.606849315,5.7,3018.479167,697.0791667,77.89075342,96.48219178,0.951461187,17,2679.6625
12,Coari,AM,BRA_AM_Coari.817700_INMET.epw,INMET,-4.1,-63.15,26.2509589,7.606575342,6.216666667,3011.6,642.0416667,73.74611872,98.17351598,1.197945205,43,2647.825
13,Humaitá,AM,BRA_AM_Humaita.AP.818900_INMET.epw,INMET,-7.55,-63.07,26.28507991,9.054246575,8.725,3024.054167,726.5208333,61.64086758,101.6484018,1.260570776,72,2659.9125
14,Itacoatiara,AM,BRA_AM_Itacoatiara.AP.817330_INMET.epw,INMET,-3.13,-58.48,26.42942922,6.705205479,5.65,3076.741667,637.7291667,65.69726027,99.84178082,1.025262557,45,2708.629167
15,Manacapuru,AM,BRA_AM_Manacapuru.817290_INMET.epw,INMET,-3.29,-60.63,26.70017123,6.80739726,5.920833333,3175.5625,710.75,71.32910959,97.30136986,1.497762557,19,2795.354167
16,Manaus,AM,BRA_AM_Manaus-Gomez.Intl.AP.817300_INMET.epw,INMET,-3.1,-60.03,27.27947489,7.071232877,9.920833333,3387.008333,897.5458333,80.16312785,97.40011416,1.401107306,67,2986.720833
17,Maués,AM,BRA_AM_Maues.817340_INMET.epw,INMET,-3.4,-57.67,26.5730137,8.049315068,6.125,3129.15,723.725,67.94874429,104.2294521,0.700342466,35,2767.870833
18,Parintins,AM,BRA_AM_Parintins.817030_INMET.epw,INMET,-2.64,-56.76,27.49006849,6.356164384,6.758333333,3463.875,952.8708333,91.59315068,94.42157534,1.242865297,35,3074.979167
19,Presidente Figueiredo,AM,BRA_AM_Presidente.Figueiredo.816990_INMET.epw,INMET,-2.06,-60.03,26.64430365,9.091232877,6.2375,3155.170833,804.8208333,55.0369863,103.8656393,0.766210046,92,2806.245833
20,Urucará,AM,BRA_AM_Urucara.AP.817020_INMET.epw,INMET,-2.53,-57.76,27.46123288,7.921917808,7.483333333,3453.35,985.875,85.0890411,97.14394977,1.140159817,17,3063.0875
21,Macapá,AP,BRA_AP_Macapa-Alcolumbre.Intl.AP.820980_INMET.epw,INMET,0.04,-51.07,25.77817352,8.977808219,4.841666667,2839.033333,616.2458333,50.90673516,107.6239726,1.255582192,15,2522.908333
22,Oiapoque,AP,BRA_AP_Oiapoque.816090_INMET.epw,INMET,3.81,-51.86,25.56219178,8.825205479,5.383333333,2760.2,598.5583333,61.54920091,102.9793379,1.047031963,21,2460.258333
23,Porto Grande,AP,BRA_AP_Porto.Grande.816370_INMET.epw,INMET,0.7,-51.41,25.77817352,8.977808219,4.841666667,2839.033333,616.2458333,50.92968037,107.6092466,1.255582192,77,2522.908333
24,Tartarugalzinho,AP,BRA_AP_Tartarugalzinho.816280_INMET.epw,INMET,1.5,-50.92,25.9922032,8.543013699,4.904166667,2917.154167,661.275,66.2793379,103.101484,2.076050228,21,2583.420833
25,Amargosa,BA,BRA_BA_Amargosa.AP.866750_INMET.epw,INMET,-13.01,-39.62,23.17565068,7.771506849,8.275,1897.95,254.2625,84.81050228,104.4402968,3.036757991,407,1647.8625
26,Barra,BA,BRA_BA_Barra.AP.866340_INMET.epw,INMET,-11.08,-43.14,26.79222603,11.76082192,8.625,3215.766667,1013.929167,127.8071918,90.72180365,1.718207763,403,2836.083333
27,Barreiras,BA,BRA_BA_Barreiras.866520_INMET.epw,INMET,-12.15,-44.99,25.12493151,13.2860274,9.366666667,2647.404167,785.175,112.7542237,93.52534247,1.665034247,470,2315.9625
28,Belmonte,BA,BRA_BA_Belmonte.867440_INMET.epw,INMET,-16.09,-39.22,23.78600457,9.595342466,9.4375,2135.658333,396.275,82.76221461,103.1277397,1.649440639,88,1842.8
29,Bom Jesus da Lapa,BA,BRA_BA_Bom.Jesus.da.Lapa.AP.866720_INMET.epw,INMET,-13.26,-43.42,26.24819635,11.40986301,10.11666667,3013.425,906.0458333,110.5146119,95.29680365,1.551997717,440,2670.1
30,Brumado,BA,BRA_BA_Brumado.866960_INMET.epw,INMET,-14.18,-41.67,25.1665411,9.284109589,10.09166667,2624.6375,632.9833333,98.64166667,95.26940639,1.435901826,470,2357.4875
31,Buritirama,BA,BRA_BA_Buritirama.AP.866090_INMET.epw,INMET,-10.72,-43.65,25.43762557,12.22520548,9.466666667,2735.35,788.1166667,105.605137,96.97659817,1.991004566,502,2425.1875
32,Caravelas,BA,BRA_BA_Caravelas.834970_INMET.epw,INMET,-17.73,-39.2,25.02063927,6.604931507,7.358333333,2562.920833,412.4708333,94.92591324,94.75251142,2.44880137,3,2236.4375
33,Conde,BA,BRA_BA_Conde.866390_INMET.epw,INMET,-11.81,-37.62,25.9344863,6.627945205,6.458333333,2896.0875,589.2916667,109.2070776,97.58778539,2.396472603,14,2523.033333
34,Correntina,BA,BRA_BA_Correntina.866710_INMET.epw,INMET,-13.33,-44.62,23.82134703,13.42,12.67916667,2257.125,610.1166667,111.3267123,94.09063927,1.46456621,549,2006.85
35,Cruz das Almas,BA,BRA_BA_Cruz.das.Almas.866570_INMET.epw,INMET,-12.67,-39.1,23.92334475,7.900547945,9.204166667,2166.4875,346.1875,73.98276256,109.8049087,2.91663242,226,1857.470833
36,Delfino,BA,BRA_BA_Delfino.866100_INMET.epw,INMET,-10.46,-41.21,23.84319635,11.05808219,7.35,2156.983333,455.5583333,93.99851598,98.43401826,2.451232877,637,1880.229167
37,Euclides da Cunha,BA,BRA_BA_Euclides.da.Cunha.866130_INMET.epw,INMET,-10.54,-39,24.10829909,9.369589041,9.9375,2236.658333,487.2583333,86.44794521,105.8416667,3.275707763,432,2009.895833
38,Feira de Santana,BA,BRA_BA_Feira.de.Santana.866580_INMET.epw,INMET,-12.27,-38.97,24.59780822,8.990684932,10.42916667,2414.079167,501.9041667,74.0793379,103.6170091,2.505216895,231,2099.708333
39,Guanambi,BA,BRA_BA_Guanambi.AP.866940_INMET.epw,INMET,-14.21,-42.75,25.65214612,9.649589041,9.479166667,2793.2375,688.6541667,123.966895,89.72888128,3.23989726,551,2468.375
40,Ibotirama,BA,BRA_BA_Ibotirama.866530_INMET.epw,INMET,-12.19,-43.21,26.73187215,12.00849315,11.6875,3196.341667,1023.958333,116.1954338,94.47990868,2.229863014,430,2841.754167
41,Ilhéus,BA,BRA_BA_Ilheus.866990_INMET.epw,INMET,-14.79,-39.05,23.44860731,7.193424658,8.379166667,2002.6,220.5791667,75.72865297,105.5328767,2.004452055,78,1724.4625
42,Ipiaú,BA,BRA_BA_Ipiau.866980_INMET.epw,INMET,-14.14,-39.73,24.56248858,9.650958904,8.575,2398.4875,497.925,86.75753425,103.0121005,1.481906393,135,2103.191667
43,Irecê,BA,BRA_BA_Irece.AP.866350_INMET.epw,INMET,-11.33,-41.86,23.94525114,11.01671233,7.85,2188.883333,464.9916667,116.0401826,95.68984018,2.588652968,755,1941.991667
44,Itaberaba,BA,BRA_BA_Itaberaba.832440_INMET.epw,INMET,-12.53,-40.31,24.92978311,9.835342466,10.55,2546.095833,558.1666667,78.57454338,102.1012557,2.189326484,250,2221.375
45,Itapetinga,BA,BRA_BA_Itapetinga.867230_INMET.epw,INMET,-15.24,-40.24,24.67423516,10.48986301,9.070833333,2450.779167,568.2541667,87.16906393,101.5592466,2.136381279,279,2120.220833
46,Itiruçu,BA,BRA_BA_Itirucu.866740_INMET.epw,INMET,-13.53,-40.15,21.06037671,8.857808219,9.979166667,1235.333333,146.35,70.56152968,105.8039954,2.662111872,756,1067.133333
47,Jacobina,BA,BRA_BA_Jacobina.866360_INMET.epw,INMET,-11.21,-40.47,24.36237443,9.766849315,9.079166667,2327.383333,468.2708333,78.61940639,102.4567352,1.830251142,453,2043.8125
48,Lençóis,BA,BRA_BA_Lencois.866540_INMET.epw,INMET,-12.56,-41.39,24.85493151,9.68630137,9.208333333,2510.995833,538.1208333,71.75045662,98.14771689,1.168607306,439,2206.291667
49,Macajuba,BA,BRA_BA_Macajuba.866550_INMET.epw,INMET,-12.14,-40.36,24.05605023,9.664109589,10.16666667,2233.945833,433.1291667,79.13641553,102.0447489,2.784737443,380,1950.758333
50,Maraú,BA,BRA_BA_Marau.866770_INMET.epw,INMET,-13.91,-38.97,25.67393836,5.569863014,7.883333333,2800.9875,499.3041667,106.2366438,95.89052511,2.233675799,10,2441.2875
51,Paulo Afonso,BA,BRA_BA_Paulo.Afonso.829860_INMET.epw,INMET,-9.41,-38.22,26.32472603,10.19123288,9.608333333,3038.691667,871.7083333,101.2188356,102.2295662,4.272796804,253,2656.554167
52,Piatã,BA,BRA_BA_Piata.866730_INMET.epw,INMET,-13.16,-41.77,19.79696347,8.025205479,9.329166667,849.175,43.8125,96.20205479,93.75216895,2.374063927,1290,754.8875
53,Porto Seguro,BA,BRA_BA_Porto.Seguro.867450_INMET.epw,INMET,-16.39,-39.18,23.74295662,8.479726027,7.45,2108.420833,326.7041667,74.32819635,103.3570776,1.459383562,85,1837.758333
54,Queimadas,BA,BRA_BA_Queimadas.866120_INMET.epw,INMET,-10.98,-39.62,26.1327968,10.0909589,10.39583333,2968.858333,831.3125,85.99429224,105.3045662,3.187979452,315,2590.983333
55,Remanso,BA,BRA_BA_Remanso.829790_INMET.epw,INMET,-9.62,-42.08,26.81585616,7.944109589,8.475,3217.7875,827.8125,112.2224886,95.20456621,2.411221461,401,2825
56,Salvador,BA,BRA_BA_Salvador.866780_INMET.epw,INMET,-12.97,-38.51,25.86309361,5.617260274,7.516666667,2870.029167,497.3,99.89554795,95.28356164,1.276061644,51,2495.879167
57,Santa Rita de Cássia,BA,BRA_BA_Santa.Rita.de.Cassia.866330_INMET.epw,INMET,-11.01,-44.52,26.05268265,13.21452055,10.175,2972.833333,945.6166667,117.3468037,95.90011416,1.675399543,450,2641.625
58,Senhor do Bonfim,BA,BRA_BA_Senhor.do.Bonfim.830880_INMET.epw,INMET,-10.44,-40.15,23.85422374,9.372876712,10.3375,2148.408333,428.975,94.05547945,98.44429224,3.146130137,548,1887.1
59,Serrinha,BA,BRA_BA_Serrinha.866370_INMET.epw,INMET,-11.66,-39.02,24.14803653,9.222465753,10.6,2257.179167,471.8708333,84.64920091,105.040411,2.852579909,339,1963.404167
60,Uauá,BA,BRA_BA_Uaua.819920_INMET.epw,INMET,-9.83,-39.5,25.40560502,10.13945205,8.279166667,2704.579167,676.1833333,97.55833333,102.9210046,3.407853881,453,2377.883333
61,Uná,BA,BRA_BA_Una.867240_INMET.epw,INMET,-15.28,-39.09,24.15445205,7.328767123,7.445833333,2247.0625,319.7041667,75.58378995,104.3726027,1.388630137,82,1955.9375
62,Valença,BA,BRA_BA_Valenca.866760_INMET.epw,INMET,-13.37,-39.07,24.20535388,8.267945205,7.970833333,2273.216667,372.0583333,93.74680365,101.1238584,1.781152968,39,1995.020833
63,Vitória da Conquista,BA,BRA_BA_Vitoria.da.Conquista-Figueiredo.AP.866970_INMET.epw,INMET,-14.87,-40.84,20.59972603,9.156712329,9.995833333,1100.941667,122.1708333,108.2835616,110.4655251,2.531175799,870,969.2958333
64,Acaraú,CE,BRA_CE_Acarau.817550_INMET.epw,INMET,-3.12,-40.09,26.60207763,8.825205479,6.0625,3139.758333,791.0333333,102.5458904,102.0256849,3.260947489,76,2751.4375
65,Barbalha,CE,BRA_CE_Barbalha.819110_INMET.epw,INMET,-7.3,-39.27,25.59280822,10.07534247,7.329166667,2772.195833,659.9125,113.3940639,96.25547945,1.602511416,409,2424.4
66,Campos Sales,CE,BRA_CE_Campos.Sales.827770_INMET.epw,INMET,-7.08,-40.36,24.86718037,10.1109589,7.5375,2508.620833,571.2875,102.928653,100.1980594,2.312865297,572,2182.841667
67,Crateús,CE,BRA_CE_Crateus.818300_INMET.epw,INMET,-5.19,-40.67,27.09111872,10.14164384,7.6625,3318.291667,1017.6375,97.00285388,102.9777397,2.134212329,291,2927.016667
68,Fortaleza,CE,BRA_CE_Fortaleza-Pinto.Martins.Intl.AP.817580_INMET.epw,INMET,-3.8,-38.53,26.6534589,6.220821918,5.495833333,3158.5125,703.7166667,85.66860731,99.40194064,2.240605023,41,2757.683333
69,Guaramiranga,CE,BRA_CE_Guaramiranga.824870_INMET.epw,INMET,-4.26,-38.93,20.68920091,5.490410959,3.704166667,984.1833333,15.34166667,56.29817352,97.86073059,3.127203196,38,855.3708333
70,Iguatu,CE,BRA_CE_Iguatu.818730_INMET.epw,INMET,-6.36,-39.3,27.01376712,9.578630137,7.029166667,3290.025,958.3375,116.0922374,95.96210046,2.575513699,233,2874.1375
71,Itapipoca,CE,BRA_CE_Itapipoca.817560_INMET.epw,INMET,-3.48,-39.59,26.89288813,6.820821918,6.279166667,3245.904167,761.1625,87.99783105,101.5619863,3.391723744,102,2834.725
72,Jaguaribe,CE,BRA_CE_Jaguaribe.818330_INMET.epw,INMET,-5.91,-38.63,27.7834589,9.79260274,8.204166667,3570.9625,1138.683333,100.5886986,101.6611872,2.727465753,184,3112.429167
73,Jaguaruana,CE,BRA_CE_Jaguaruana.824930_INMET.epw,INMET,-4.79,-37.78,27.24494292,9.489589041,4.9125,3374.404167,963.5625,114.030137,98.43584475,3.023607306,12,2947.375
74,Morada Nova,CE,BRA_CE_Morada.Nova.825940_INMET.epw,INMET,-5.11,-38.37,27.1401484,10.26712329,6.45,3336.170833,971.175,112.9610731,98.64874429,2.127534247,44,2899.845833
75,Quixeramobim,CE,BRA_CE_Quixeramobim.825860_INMET.epw,INMET,-5.2,-39.29,26.43517123,9.288219178,7.079166667,3078.8375,800.4416667,95.37682648,104.4170091,2.363127854,80,2674.4375
76,Tauá,CE,BRA_CE_Taua.818720_INMET.epw,INMET,-6.02,-40.28,26.19417808,10.47780822,8.0625,2994.854167,841.0916667,105.5650685,99.92271689,2.780513699,415,2634.075
77,Brasilia,DF,BRA_DF_Brasilia.867150_INMET.epw,INMET,-15.78,-47.93,21.08148402,9.294246575,10.15,1224.925,98.72916667,89.24006849,95.19851598,2.464406393,1160,1064.1
78,Planaltina,DF,BRA_DF_Planaltina.867160_INMET.epw,INMET,-15.53,-47.56,20.95384703,11.23890411,9.420833333,1258.575,157.6333333,88.86038813,97.54189498,2.006769406,1200,1105.479167
79,Alegre,ES,BRA_ES_Alegre.868280_INMET.epw,INMET,-20.76,-41.53,23.95135845,11.25506849,12.65416667,2256.629167,559.2791667,103.4174658,84.91826484,1.469577626,138,1967.058333
80,Alfredo Chaves,ES,BRA_ES_Alfredo.Chaves.868290_INMET.epw,INMET,-20.64,-40.75,23.58060502,8.486575342,12.8375,2058.55,373.7541667,68.03835616,86.04657534,1.841974886,35,1774.320833
81,Linhares,ES,BRA_ES_Linhares.868050_INMET.epw,INMET,-19.39,-40.07,24.27697489,7.873150685,9.841666667,2299.2625,388.8125,79.5326484,98.16815068,2.91109589,40,1983.533333
82,Nova Venecia,ES,BRA_ES_Nova.Venecia.867850_INMET.epw,INMET,-18.7,-40.39,24.2559589,10.29726027,9.583333333,2300.2375,500.2083333,79.44771689,99.15228311,2.097420091,154,2020.741667
83,Presidente Kennedy,ES,BRA_ES_Presidente.Kennedy.868530_INMET.epw,INMET,-21.1,-41.04,23.96765982,8.237808219,10.81666667,2190.341667,386.6208333,83.04634703,91.50821918,3.317728311,80,1904.8
84,Santa Teresa,ES,BRA_ES_Santa.Teresa.868040_INMET.epw,INMET,-19.99,-40.58,18.58151826,6.724109589,11.9625,570.1291667,20.23333333,76.49509132,90.75993151,2.233219178,998,493.4333333
85,São Mateus,ES,BRA_ES_Sao.Mateus.867860_INMET.epw,INMET,-18.72,-39.86,23.864121,8.533972603,10.075,2172.708333,354.0458333,92.66575342,94.17408676,2.454223744,39,1866.158333
86,Vitória,ES,BRA_ES_Vitoria.868300_INMET.epw,INMET,-20.32,-40.34,24.39726027,8.349315068,11.12083333,2349.758333,443.3625,95.31974886,87.62089041,2.048013699,9,2029.158333
87,Alto Paraíso de Goiás,GO,BRA_GO_Alto.Paraiso.de.Goias.866910_INMET.epw,INMET,-14.13,-47.51,20.5861758,9.89369863,10.05833333,1114.591667,89.6125,91.9673516,95.1206621,2.065844749,1260,987.0125
88,Aragarças,GO,BRA_GO_Aragarcas.833740_INMET.epw,INMET,-15.9,-52.25,25.79366438,11.50219178,12.79583333,2865.420833,810.3,87.88926941,95.80319635,1.109474886,347,2523.545833
89,Caiapônia,GO,BRA_GO_Caiaponia.867300_INMET.epw,INMET,-16.96,-51.81,23.25442922,10.39479452,11.40833333,1965.925,377.0083333,87.62477169,95.34634703,1.682134703,737,1764.158333
90,Catalão,GO,BRA_GO_Catalao.867770_INMET.epw,INMET,-18.16,-47.93,22.50558219,9.797534247,12.76666667,1697.029167,262.2333333,87.71107306,93.07100457,2.045696347,890,1517.9125
91,Cristalina,GO,BRA_GO_Cristalina.867370_INMET.epw,INMET,-16.79,-47.61,20.72353881,8.385205479,12.55416667,1109.216667,69.1375,85.05022831,95.7283105,2.064840183,1202,978.85
92,Goianésia,GO,BRA_GO_Goianesia.867130_INMET.epw,INMET,-15.32,-49.12,24.53503425,10.96986301,8.833333333,2396.720833,542.725,92.85479452,96.90205479,1.235365297,667,2119.8125
93,Goiânia,GO,BRA_GO_Goiania.834230_INMET.epw,INMET,-15.37,-48.78,23.22976027,12.72794521,11.52916667,2052.854167,483.6,88.86700913,96.92591324,1.40956621,770,1821.2375
94,Goiás,GO,BRA_GO_Goias.867120_INMET.epw,INMET,-15.93,-50.14,24.98077626,11.13041096,10.71666667,2556.616667,643.0083333,91.3293379,93.83013699,1.2131621,512,2254.645833
95,Itapaci,GO,BRA_GO_Itapaci.866890_INMET.epw,INMET,-14.95,-49.55,23.90124429,13.2030137,11.84166667,2287.9375,611.2833333,77.3380137,99.92522831,1.356392694,522,2030.029167
96,Itumbiara,GO,BRA_GO_Itumbiara.867740_INMET.epw,INMET,-18.41,-49.19,23.91726027,11.30630137,14.80833333,2234.729167,487.6916667,88.25194064,94.49486301,1.898105023,488,1966.891667
97,Jataí,GO,BRA_GO_Jatai.867520_INMET.epw,INMET,-17.88,-51.71,22.41531963,12.68328767,13.7,1807.05,396.6708333,91.51141553,96.09292237,1.592876712,582,1598.8375
98,Luziânia,GO,BRA_GO_Luziania.867360_INMET.epw,INMET,-16.25,-47.95,21.98347032,9.540821918,12.10416667,1510.116667,181.1375,90.57671233,96.68732877,2.589394977,958,1328.9
99,Mineiros,GO,BRA_GO_Mineiros.867510_INMET.epw,INMET,-17.57,-52.6,22.37296804,12.0230137,15.17916667,1774.033333,354.2333333,81.00239726,96.37157534,1.37347032,706,1567.875
100,Monte Alegre de Goiás,GO,BRA_GO_Monte.Alegre.de.Goias.866700_INMET.epw,INMET,-13.5,-46.89,24.96426941,10.24356164,8.304166667,2546.904167,570.6125,99.70856164,96.44406393,0.576232877,1253,2248.766667
101,Morrinhos,GO,BRA_GO_Morrinhos.867550_INMET.epw,INMET,-17.73,-49.1,22.37742009,12.22082192,13.6,1777.975,348.4708333,95.3466895,94.93013699,1.768607306,771,1562.479167
102,Niquelândia,GO,BRA_GO_Niquelandia.866900_INMET.epw,INMET,-14.47,-48.46,24.31003425,10.54164384,9.720833333,2315.745833,494.2375,92.02716895,98.54680365,1.964977169,583,2066.566667
103,Paraúna,GO,BRA_GO_Parauna.867320_INMET.epw,INMET,-16.96,-50.43,23.99745434,10.92164384,13.37083333,2228.3375,496.625,87.82283105,95.09977169,1.617203196,678,1975.233333
104,Pires do Rio,GO,BRA_GO_Pires.do.Rio.867560_INMET.epw,INMET,-17.31,-48.28,22.94133562,11.3,12.925,1903.570833,363.6083333,95.34326484,93.53082192,1.279920091,752,1678.25
105,Posse,GO,BRA_GO_Posse.866920_INMET.epw,INMET,-14.09,-46.37,24.43759132,9.477260274,9.108333333,2352.333333,456.8208333,100.083105,96.00799087,2.161780822,834,2085.166667
106,Rio Verde,GO,BRA_GO_Rio.Verde.867530_INMET.epw,INMET,-17.8,-50.93,22.80247717,10.53671233,14.00416667,1814.229167,326.1291667,84.5152968,95.42111872,2.077853881,782,1628.6875
107,São Simão,GO,BRA_GO_Sao.Simao.867730_INMET.epw,INMET,-18.99,-50.54,23.98585616,10.75369863,15.92916667,2245.65,491.0375,78.58789954,95.81324201,2.105445205,489,1974.145833
108,Alto Parnaíba,MA,BRA_MA_Alto.Parnaiba.829700_INMET.epw,INMET,-9.11,-45.93,25.74573059,11.30164384,8.270833333,2835.5,784.1416667,78.36541096,101.6163242,0.916575342,281,2502.933333
109,Bacabal,MA,BRA_MA_Bacabal.817900_INMET.epw,INMET,-4.24,-44.8,27.27794521,9.737808219,6.183333333,3386.45,995.5125,82.18299087,105.1665525,1.33913242,28,3004.945833
110,Balsas,MA,BRA_MA_Balsas.819030_INMET.epw,INMET,-7.46,-46.03,25.94791096,10.68164384,7.6125,2903.120833,783.9375,96.36883562,97.90022831,1.599828767,254,2569.016667
111,Barra do Corda,MA,BRA_MA_Barra.do.Corda.818250_INMET.epw,INMET,-5.51,-45.24,26.28393836,9.75890411,6.7875,3023.695833,791.0916667,81.54166667,102.8658676,1.39793379,153,2662.566667
112,Buriticupu,MA,BRA_MA_Buriticupu.817880_INMET.epw,INMET,-4.32,-46.45,26.19716895,9.014520548,6.175,2992.0625,728.7791667,64.39121005,109.1608447,2.209223744,175,2635.55
113,Carolina,MA,BRA_MA_Carolina.819010_INMET.epw,INMET,-7.34,-47.46,26.57884703,9.826849315,8.604166667,3131.279167,850.625,82.15570776,99.19817352,0.992979452,192,2775.629167
114,Caxias,MA,BRA_MA_Caxias.817920_INMET.epw,INMET,-4.82,-43.34,26.37559361,10.71643836,6.120833333,3057.283333,854.0916667,87.55319635,103.776484,1.134075342,76,2696.5375
115,Chapadinha,MA,BRA_MA_Chapadinha.817490_INMET.epw,INMET,-3.74,-43.35,26.89509132,9.595068493,6.108333333,3246.708333,908.3208333,95.66267123,103.1184932,1.756917808,91,2858.175
116,Colinas,MA,BRA_MA_Colinas.818660_INMET.epw,INMET,-6.03,-44.23,26.05405251,10.53424658,7.283333333,2940.4875,787.6958333,73.57956621,104.8042237,1.155513699,179,2586.029167
117,Estreito,MA,BRA_MA_Estreito.818630_INMET.epw,INMET,-6.65,-47.42,25.84028539,11.9460274,6.470833333,2879.245833,833.7458333,85.10776256,99.17990868,1.331757991,180,2540.975
118,Farol Preguiças,MA,BRA_MA_Farol.Preguicas.817170_INMET.epw,INMET,-2.59,-42.71,27.49762557,4.684383562,4.495833333,3466.633333,939.5125,92.3347032,96.11050228,3.28836758,0,3028.095833
119,Farol Santana,MA,BRA_MA_Farol.Santana.822770_INMET.epw,INMET,-2.27,-43.62,27.35783105,4.300547945,4.329166667,3415.608333,880.55,109.738242,92.75981735,3.288493151,0,2988.208333
120,Grajaú,MA,BRA_MA_Grajau.818230_INMET.epw,INMET,-5.82,-46.16,26.1277968,9.884931507,6.804166667,2966.8875,762.8958333,74.49748858,103.3060502,1.562990868,230,2610.170833
121,Imperatriz,MA,BRA_MA_Imperatriz.818220_INMET.epw,INMET,-5.56,-47.46,26.88878995,10.08356164,6.933333333,3244.4625,925.8708333,71.0097032,106.0447489,1.251826484,126,2851.820833
122,São Luís,MA,BRA_MA_Sao.Luis.817150_INMET.epw,INMET,-2.53,-44.3,26.75603881,6.254520548,4.841666667,3195.954167,711.4583333,87.73287671,105.2497717,2.088789954,56,2815.095833
123,Turiaçu,MA,BRA_MA_Turiacu.821980_INMET.epw,INMET,-1.66,-45.37,26.52660959,6.326849315,5.120833333,3112.2125,654.65,69.44657534,105.2437215,2.83130137,41,2726.1625
124,Águas Vermelhas,MG,BRA_MG_Aguas.Vermelhas.867220_INMET.epw,INMET,-15.75,-41.46,21.3909589,11.5909589,9.145833333,1442.679167,239.8583333,86.2152968,98.1196347,1.977020548,740,1246.095833
125,Aimorés,MG,BRA_MG_Aimores.868030_INMET.epw,INMET,-19.5,-41.06,24.66678082,9.475890411,10.99583333,2443.245833,534.475,102.5874429,90.46655251,1.97510274,84,2158.1
126,Almenara,MG,BRA_MG_Almenara.867430_INMET.epw,INMET,-16.18,-40.69,25.21611872,10.09178082,10.49583333,2643.904167,649.1,99.00958904,95.21358447,1.369223744,208,2322.508333
127,Araxá,MG,BRA_MG_Araxa.867960_INMET.epw,INMET,-19.59,-46.94,21.40135845,9.745479452,12.75833333,1379.225,173.8708333,109.3954338,94.89965753,2.465525114,1020,1205.716667
128,Belo Horizonte,MG,BRA_MG_Belo.Horizonte-Pampulha.AP.868000_INMET.epw,INMET,-19.82,-43.96,21.75207763,9.415890411,13.60416667,1483.129167,164.8541667,95.05114155,91.67305936,2.238401826,869,1297.645833
129,Buritis,MG,BRA_MG_Buritis.867180_INMET.epw,INMET,-15.62,-46.42,22.2758105,8.776438356,10.9375,1601.179167,180.6291667,98.16780822,95.45136986,2.463515982,894,1421.133333
130,Caldas,MG,BRA_MG_Caldas.868460_INMET.epw,INMET,-21.92,-46.39,17.86543379,12.61123288,14.12916667,786.8625,54.5,77.71598174,91.99315068,1.01109589,1150,691.0875
131,Capelinha,MG,BRA_MG_Capelinha.867610_INMET.epw,INMET,-17.69,-42.52,20.08090183,9.784383562,10.04166667,1013.975,100.9166667,78.24988584,97.10057078,1.931027397,932,885.2583333
132,Carangola,MG,BRA_MG_Carangola.868230_INMET.epw,INMET,-20.73,-42.02,22.02909817,10.80109589,14.29583333,1667.5375,337.5,67.62283105,90.4760274,0.452043379,399,1501.720833
133,Caratinga,MG,BRA_MG_Caratinga.835920_INMET.epw,INMET,-19.79,-42.14,21.76799087,9.571506849,11.39166667,1520.958333,187.5541667,81.32237443,95.90456621,1.358173516,615,1327.166667
134,Chapada Gaúcha,MG,BRA_MG_Chapada.Gaucha.867190_INMET.epw,INMET,-15.31,-45.62,22.70187215,10.06958904,11.075,1764.9625,288.0458333,103.3173516,94.77728311,2.912671233,880,1555.895833
135,Conceição das Alagoas,MG,BRA_MG_Conceicao.das.Alagoas.867940_INMET.epw,INMET,-19.99,-48.15,22.77310502,11.78684932,15.74166667,1890.541667,415.1416667,80.63458904,91.80445205,2.24053653,568,1676.645833
136,Curvelo,MG,BRA_MG_Curvelo.867800_INMET.epw,INMET,-18.76,-44.43,22.84289954,11.15232877,12.48333333,1891.9,359.9041667,102.8667808,93.96609589,1.74010274,670,1657.841667
137,Diamantina,MG,BRA_MG_Diamantina.AP.867810_INMET.epw,INMET,-18.23,-43.65,18.62115297,7.684383562,12.49583333,594.7,16.32083333,82.22226027,92.83013699,3.009189498,1356,522.5458333
138,Dores do Indaiá,MG,BRA_MG_Dores.do.Indaia.867970_INMET.epw,INMET,-19.46,-45.6,21.98504566,10.60054795,12.23333333,1589.029167,242.6625,90.62477169,91.17739726,2.225045662,722,1409.6625
139,Espinosa,MG,BRA_MG_Espinosa.866950_INMET.epw,INMET,-14.92,-42.8,25.0175,10.56383562,9.758333333,2579.2625,616.1958333,112.2736301,93.54280822,2.272363014,570,2292.104167
140,Florestal,MG,BRA_MG_Florestal.867980_INMET.epw,INMET,-19.89,-44.42,20.19533105,13.60328767,14.04583333,1336.829167,242.0041667,106.3909817,92.8402968,0.809052511,742,1165.9875
141,Formiga,MG,BRA_MG_Formiga.868200_INMET.epw,INMET,-20.46,-45.45,20.92432648,10.25452055,12.40416667,1291.933333,146.7958333,81.85650685,94.24303653,1.879817352,878,1147.233333
142,Governador Valadares,MG,BRA_MG_Governador.Valadares.835430_INMET.epw,INMET,-18.85,-41.95,24.03278539,9.899452055,11.125,2237.475,453.3,86.29988584,95.34440639,1.464874429,263,1977.716667
143,Guarda-Mor,MG,BRA_MG_Guarda-Mor.867570_INMET.epw,INMET,-17.77,-47.1,21.13195205,9.989041096,12.1625,1282.979167,139.5708333,91.95205479,95.35365297,2.687477169,616,1133.9375
144,Ibirité,MG,BRA_MG_Ibirite.868210_INMET.epw,INMET,-20.03,-44.01,19.95296804,8.090684932,10.2625,902.7625,44.0125,84.93561644,91.39200913,3.76109589,1208,793.4791667
145,Itaobim,MG,BRA_MG_Itaobim.867420_INMET.epw,INMET,-16.34,-41.29,25.21686073,10.88547945,11.2,2653.704167,684.0375,99.26164384,93.24577626,1.655445205,266,2347.941667
146,Ituiutaba,MG,BRA_MG_Ituiutaba.867750_INMET.epw,INMET,-18.97,-49.47,23.26393836,12.48493151,12.675,2061.575,494.8708333,84.11027397,94.06426941,1.704577626,560,1823.154167
147,João Pinheiro,MG,BRA_MG_Joao.Pinheiro.AP.867580_INMET.epw,INMET,-17.78,-46.12,22.44853881,8.983561644,13.04583333,1680.058333,207.0875,96.68732877,95.15901826,2.614623288,870,1479.095833
148,Juiz de Fora,MG,BRA_MG_Juiz.de.Fora.836920_INMET.epw,INMET,-21.76,-43.35,18.59695205,7.542739726,12.89583333,645.4208333,35.34583333,65.90205479,85.75513699,2.926073059,950,566.1333333
149,Mantena,MG,BRA_MG_Mantena.867840_INMET.epw,INMET,-18.78,-40.98,24.25599315,9.573972603,9.975,2304.991667,486.1083333,91.89531963,92.38949772,0.700114155,214,2033.9375
150,Maria da Fé,MG,BRA_MG_Maria.da.Fe.830150_INMET.epw,INMET,-22.31,-45.38,16.25302511,10.93452055,12.90416667,420.8166667,11.2,74.52888128,88.35273973,0.851769406,1276,370.3416667
151,Mocambinho,MG,BRA_MG_Mocambinho.867200_INMET.epw,INMET,-15.09,-44.02,24.8360274,12.34520548,10.3125,2537.925,684.0041667,111.9968037,93.75490868,1.129828767,460,2242.458333
152,Montalvânia,MG,BRA_MG_Montalvania.866930_INMET.epw,INMET,-14.42,-44.37,23.72989726,13.88191781,11.40833333,2246.008333,630.85,111.8165525,94.45319635,1.472705479,512,1990.841667
153,Monte Verde,MG,BRA_MG_Monte.Verde.AP.868700_INMET.epw,INMET,-22.86,-46.03,15.27776256,9.64,12.7125,244.4333333,1.6,69.89828767,90.63105023,1.530045662,1500,216.9125
154,Montes Claros,MG,BRA_MG_Montes.Claros.867400_INMET.epw,INMET,-16.74,-43.86,23.66982877,12.1709589,10.35833333,2166.420833,505.7416667,65.256621,107.1778539,2.209349315,646,1922.216667
155,Muriaé,MG,BRA_MG_Muriae.868520_INMET.epw,INMET,-21.13,-42.37,23.24676941,9.604383562,11.79583333,1971.716667,381.75,75.74988584,93.76678082,1.498173516,297,1718.566667
156,Ouro Branco,MG,BRA_MG_Ouro.Branco.868230_INMET.epw,INMET,-20.52,-43.69,19.67384703,9.16109589,12.37916667,903.7541667,66.79583333,63.52009132,96.45684932,1.6231621,1061,791.575
157,Passa Quatro,MG,BRA_MG_Passa.Quatro.837370_INMET.epw,INMET,-22.39,-44.97,18.2877968,10.47287671,11.80833333,710.075,58.89166667,87.92477169,87.24611872,1.976107306,1040,591.3125
158,Passos,MG,BRA_MG_Passos.868190_INMET.epw,INMET,-20.75,-46.63,20.67110731,11.91506849,13.35416667,1285.141667,192.8791667,87.52431507,91.51678082,1.821883562,875,1135.666667
159,Patrocínio,MG,BRA_MG_Patrocinio.867780_INMET.epw,INMET,-18.94,-46.99,20.32144977,11.62054795,13.22083333,1167.575,155.9625,85.50684932,94.18127854,1.704121005,976,1045.820833
160,Pirapora,MG,BRA_MG_Pirapora.AP.867590_INMET.epw,INMET,-17.34,-44.94,23.72343607,11.38794521,10.8625,2161.7375,467.7708333,110.8663242,90.70776256,1.380296804,489,1892.895833
161,Rio Pardo de Minas,MG,BRA_MG_Rio.Pardo.de.Minas.867210_INMET.epw,INMET,-15.72,-42.44,21.57821918,10.61013699,9.475,1439.025,230.9083333,88.26906393,95.61472603,2.411164384,853,1270.645833
162,Sacramento,MG,BRA_MG_Sacramento.867950_INMET.epw,INMET,-19.86,-47.44,21.79762557,10.8169863,14.52083333,1556.241667,244.7875,97.1510274,90.64052511,2.345251142,912,1379.575
163,Salinas,MG,BRA_MG_Salinas.867410_INMET.epw,INMET,-16.17,-42.29,23.27094749,12.08767123,10.8875,2034.108333,465.9458333,97.19863014,92.99703196,1.085570776,495,1790
164,São João del Rei,MG,BRA_MG_Sao.Joao.del.Rei.836880_INMET.epw,INMET,-21.14,-44.26,19.35915525,10.63616438,13.4875,961.5041667,87.60833333,74.09326484,93.34691781,2.478789954,991,834.4291667
165,São Romão,MG,BRA_MG_Sao.Romao.867390_INMET.epw,INMET,-16.37,-45.07,24.02018265,12.21780822,12.03333333,2318.3,569.0958333,111.0641553,92.14988584,1.354691781,460,2054.333333
166,Serra dos Aimorés,MG,BRA_MG_Serra.dos.Aimores.867630_INMET.epw,INMET,-17.78,-40.25,23.25797945,9.130684932,12.5125,1951.3875,343.3625,76.32157534,98.93025114,2.652374429,208,1643.854167
167,Teófilo Otoni,MG,BRA_MG_Teofilo.Otoni.867620_INMET.epw,INMET,-17.86,-41.51,22.38800228,8.29890411,13.17083333,1672.5125,226.075,74.37534247,95.12043379,1.63663242,475,1405.320833
168,Timóteo,MG,BRA_MG_Timoteo.868010_INMET.epw,INMET,-19.58,-42.64,22.83237443,8.043561644,10.03333333,1782.9875,216.9458333,63.78173516,93.5347032,1.134429224,333,1576.433333
169,Três Marias,MG,BRA_MG_Tres.Marias.867790_INMET.epw,INMET,-18.21,-45.24,21.96792237,8.483835616,13.40833333,1510.9375,147.2541667,94.89486301,94.28789954,2.679303653,921,1326.908333
170,Uberlândia,MG,BRA_MG_Uberlandia.867760_INMET.epw,INMET,-18.92,-48.28,22.9453653,9.904383562,14.40416667,1879.158333,307.1666667,112.2743151,107.1793379,2.033047945,869,1677.529167
171,Unaí,MG,BRA_MG_Unai.AP.834280_INMET.epw,INMET,-16.36,-46.91,23.4338242,11.38958904,11.675,2054.695833,418.8041667,102.1118721,94.21894977,1.688276256,631,1810.191667
172,Varginha,MG,BRA_MG_Varginha.868480_INMET.epw,INMET,-21.55,-45.43,19.55253425,10.54657534,11.72916667,945.4666667,89.575,76.29520548,93.4533105,1.843527397,955,831.8291667
173,Viçosa,MG,BRA_MG_Vicosa.836420_INMET.epw,INMET,-20.75,-42.88,19.99050228,9.87369863,11.51666667,1045.891667,102.7583333,62.97682648,94.86141553,0.857579909,712,914.0541667
174,Amambai,MS,BRA_MS_Amambai.868940_INMET.epw,INMET,-23,-55.33,21.93819635,12.69589041,20.06666667,1766.341667,435.2958333,88.6869863,86.97031963,2.206210046,431,1538.3125
175,Campo Grande,MS,BRA_MS_Campo.Grande.Intl.AP.868100_INMET.epw,INMET,-20.44,-54.65,23.44772831,10.48684932,19.46666667,2092.95,462.4791667,85.42545662,93.08767123,3.458150685,530,1835.525
176,Chapadão do Sul,MS,BRA_MS_Chapadao.do.Sul.867720_INMET.epw,INMET,-18.79,-52.62,22.39607306,10.11561644,16.32916667,1699.783333,280.125,88.31815068,91.50650685,2.194942922,818,1514.354167
177,Corumbá,MS,BRA_MS_Corumba.Intl.AP.835520_INMET.epw,INMET,-19.01,-57.65,25.90272831,8.962465753,22.25416667,2975.05,917.2125,95.13755708,92.75799087,2.142294521,126,2602.2875
178,Coxim,MS,BRA_MS_Coxim.867700_INMET.epw,INMET,-18.3,-54.44,24.71479452,12.32164384,16.00416667,2538.0625,714.0666667,99.62020548,90.51860731,1.267054795,252,2230.7875
179,Dourados,MS,BRA_MS_Dourados.836590_INMET.epw,INMET,-22.22,-54.81,22.68562785,10.75808219,20.21666667,1899.233333,413.9625,89.18527397,88.16221461,2.451381279,469,1647.2
180,Ivinhema,MS,BRA_MS_Ivinhema.868600_INMET.epw,INMET,-22.31,-53.81,23.6878653,10.38986301,20.59166667,2212.220833,523.0666667,91.87956621,89.40148402,2.837625571,373,1905.666667
181,Juti,MS,BRA_MS_Juti.868590_INMET.epw,INMET,-22.86,-54.61,22.88667808,10.83808219,22.19583333,2024.391667,489.775,72.14143836,90.13607306,0.363002283,379,1790.683333
182,Miranda,MS,BRA_MS_Miranda.868070_INMET.epw,INMET,-20.24,-56.38,24.61140411,12.31013699,18.37083333,2570.85,779.2083333,94.14006849,90.93847032,1.243059361,140,2238.766667
183,Nhumirim,MS,BRA_MS_Nhumirim.867680_INMET.epw,INMET,-18.99,-56.62,24.88297945,11.62712329,18.725,2617.804167,771.8416667,80.21506849,95.90445205,1.735239726,104,2293.2875
184,Ponta Porã,MS,BRA_MS_Ponta.Pora.868570_INMET.epw,INMET,-22.54,-55.73,21.29077626,10.5569863,22.6125,1564.091667,309.3333333,80.57819635,89.55719178,2.557123288,650,1341.4375
185,Porto Murtinho,MS,BRA_MS_Porto.Murtinho.AP.868330_INMET.epw,INMET,-21.7,-57.88,25.43723744,11.32,25.2625,2954.15,1061.866667,90.30913242,89.72351598,2.08966895,85,2568.9
186,Rio Brilhante,MS,BRA_MS_Rio.Brilhante.868360_INMET.epw,INMET,-21.78,-54.53,23.28892694,13.55123288,20.30416667,2149.708333,605.9208333,92.94189498,88.71678082,1.692808219,329,1891.133333
187,Sete Quedas,MS,BRA_MS_Sete.Quedas.868950_INMET.epw,INMET,-23.97,-55.02,22.33676941,10.68958904,21.9,1830.579167,405.375,93.89600457,84.11894977,2.811141553,402,1587.7
188,Sidrolândia,MS,BRA_MS_Sidrolandia.868090_INMET.epw,INMET,-20.98,-54.97,23.3403653,10.60767123,22.925,2129.691667,493.6375,91.29098174,89.03789954,2.176232877,464,1878.408333
189,Três Lagoas,MS,BRA_MS_Tres.Lagoas.AP.868130_INMET.epw,INMET,-20.75,-51.68,24.35038813,11.14657534,16.7375,2402.975,621.6375,84.72853881,93.38561644,1.434429224,313,2106.1875
190,Água Boa,MT,BRA_MT_Agua.Boa.866860_INMET.epw,INMET,-14.05,-52.16,24.94936073,10.23232877,11.10416667,2546.3125,577.5625,87.15068493,97.02271689,2.201210046,432,2236.604167
191,Alto Taquari,MT,BRA_MT_Alto.Taquari.867500_INMET.epw,INMET,-17.82,-53.29,22.33688356,10.21452055,15.91666667,1654.904167,270.15,84.40844749,95.79280822,1.78130137,875,1463.0125
192,Apiacás,MT,BRA_MT_Apiacas.819760_INMET.epw,INMET,-9.54,-57.45,25.6527968,10.66246575,7.708333333,2799.2,718.6375,72.91141553,102.0018265,0.86869863,220,2486.329167
193,Campo Novo do Parecis,MT,BRA_MT_Campo.Novo.do.Parecis.866620_INMET.epw,INMET,-13.68,-57.89,24.08106164,10.44575342,14.05416667,2259.641667,485.7083333,83.12328767,98.07888128,1.508219178,570,1998.058333
194,Campo Verde,MT,BRA_MT_Campo.Verde.867070_INMET.epw,INMET,-15.55,-55.17,23.03643836,9.797260274,15.5375,1886.066667,331.2541667,76.99771689,97.04748858,2.812465753,749,1686.979167
195,Carlinda,MT,BRA_MT_Carlinda.819780_INMET.epw,INMET,-9.97,-55.83,25.495879,9.44630137,8.2625,2736.6,617.5083333,78.49303653,96.97511416,1.254863014,300,2408.2125
196,Comodoro,MT,BRA_MT_Comodoro.866610_INMET.epw,INMET,-13.66,-59.79,22.42945205,12.25232877,12.49583333,1806.975,360.675,83.54954338,98.78082192,1.563184932,591,1577.841667
197,Confresa,MT,BRA_MT_Confresa.866060_INMET.epw,INMET,-10.65,-51.57,26.1360274,10.04410959,7.779166667,2969.666667,764.4041667,85.5369863,97.47671233,1.306757991,237,2621.85
198,Cotriguaçu,MT,BRA_MT_Cotriguacu.829270_INMET.epw,INMET,-9.86,-58.41,24.623379,10.3309589,7.829166667,2432.554167,548.4958333,65.90844749,102.6679224,1.153116438,261,2158.795833
199,Cuiabá,MT,BRA_MT_Cuiaba.867050_INMET.epw,INMET,-15.62,-56,26.26649543,10.7030137,19.975,3052.7125,939.525,86.86586758,98.61015982,1.951027397,151,2668.979167
200,Gaúcha do Norte,MT,BRA_MT_Gaucha.do.Norte.866660_INMET.epw,INMET,-13.18,-53.26,25.2183105,10.88684932,8.929166667,2645.870833,667.3833333,92.05616438,97.57374429,1.354383562,379,2327.504167
201,Guarantã do Norte,MT,BRA_MT_Guaranta.do.Norte.819790_INMET.epw,INMET,-9.79,-54.91,25.04244292,10.72684932,6.820833333,2585.033333,605.1,54.61324201,107.4851598,1.593630137,320,2269.3625
202,Guiratinga,MT,BRA_MT_Guiratinga.867290_INMET.epw,INMET,-16.34,-53.77,24.69503425,11.26109589,13.73333333,2476.170833,623.3916667,77.77728311,89.82888128,1.168070776,526,2193.116667
203,Itiquira,MT,BRA_MT_Itiquira.867480_INMET.epw,INMET,-17.18,-54.5,24.02300228,9.884931507,17.9625,2269.7,465.3291667,97.47203196,89.63287671,2.631358447,585,2003.458333
204,Juara,MT,BRA_MT_Juara.866250_INMET.epw,INMET,-11.26,-57.52,25.8822032,11.67835616,15.23333333,2900.8875,822.4041667,80.13378995,99.0902968,1.085011416,260,2563.620833
205,Juína,MT,BRA_MT_Juina.866240_INMET.epw,INMET,-11.38,-58.74,24.84584475,9.480547945,11.1625,2506.175,515.25,73.37020548,102.3706621,1.076050228,200,2205.658333
206,Nova Maringá,MT,BRA_MT_Nova.Maringa.866630_INMET.epw,INMET,-13.04,-57.09,26.33195205,11.51561644,14.2,3057.729167,917.7333333,67.11050228,101.3695205,1.446050228,353,2697.6375
207,Novo Mundo,MT,BRA_MT_Novo.Mundo.866430_INMET.epw,INMET,-12.52,-58.23,24.77228311,10.17808219,11.64583333,2485.870833,565.125,89.14121005,97.94828767,2.583869863,431,2185.629167
208,Paranatinga,MT,BRA_MT_Paranatinga.866840_INMET.epw,INMET,-14.43,-54.05,24.45489726,11.94164384,10.99583333,2419.575,612.0083333,102.0167808,92.44189498,1.825490868,474,2156.075
209,Pontes de Lacerda,MT,BRA_MT_Pontes.de.Lacerda.867020_INMET.epw,INMET,-15.25,-59.35,25.33745434,10.83205479,19.6375,2714.870833,705.3833333,86.84143836,93.29474886,1.314155251,256,2378.879167
210,Porto Estrela,MT,BRA_MT_Porto.Estrela.867040_INMET.epw,INMET,-15.32,-57.23,25.39585616,12.27013699,16.89583333,2754.229167,820.6875,88.03116438,99.27865297,1.086324201,145,2414.695833
211,Querência,MT,BRA_MT_Querencia.866470_INMET.epw,INMET,-12.63,-52.22,25.02890411,11.03369863,8.966666667,2575.104167,625.2541667,92.47328767,96.00513699,1.282146119,382,2265.8625
212,Rondonópolis,MT,BRA_MT_Rondonopolis.867280_INMET.epw,INMET,-16.47,-54.64,25.49202055,12.14027397,15.55833333,2778.520833,781.7125,87.62009132,97.50878995,2.209121005,284,2471.229167
213,Salto do Céu,MT,BRA_MT_Salto.do.Ceu.867030_INMET.epw,INMET,-15.12,-58.13,24.56363014,11.05808219,19.875,2459.4875,614.1083333,77.53481735,95.74315068,1.632408676,303,2158.095833
214,Santo Antônio do Leste,MT,BRA_MT_Santo.Antonio.do.Leste.866850_INMET.epw,INMET,-14.93,-53.88,23.68252283,10.50438356,13.37916667,2112.220833,421.6791667,101.4255708,92.50730594,2.5481621,648,1847.066667
215,São Félix do Araguaia,MT,BRA_MT_Sao.Felix.do.Araguaia.866280_INMET.epw,INMET,-11.62,-50.73,26.22321918,10.18849315,7.183333333,3001.7625,786.0166667,104.448516,93.29589041,1.366381279,218,2653.920833
216,São José do Rio Claro,MT,BRA_MT_Sao.Jose.do.Rio.Claro.866640_INMET.epw,INMET,-13.45,-56.72,24.77842466,12.12520548,12.54166667,2533.291667,672.1416667,66.76598174,101.327968,1.488538813,350,2250.591667
217,Sinop,MT,BRA_MT_Sinop.866260_INMET.epw,INMET,-11.86,-55.5,25.07813927,11.26273973,10.65,2596.5375,659.925,93.97739726,95.68869863,1.972134703,371,2310.475
218,Sorriso,MT,BRA_MT_Sorriso.866450_INMET.epw,INMET,-12.55,-55.71,25.36191781,10.6230137,9.9125,2697.504167,671.4166667,94.09440639,95.02123288,2.261906393,380,2401.533333
219,Tangará da Serra,MT,BRA_MT_Tangara.da.Serra.866820_INMET.epw,INMET,-14.62,-57.49,24.6294863,10.10821918,16.99583333,2479.541667,562.325,83.193379,97.36826484,3.043196347,322,2181.304167
220,Vila Bela da Santíssima Trindade,MT,BRA_MT_Vila.Bela.da.Santissima.Trindade.867010_INMET.epw,INMET,-15.01,-59.95,24.8040411,11.72684932,14.77916667,2566.0875,679.6166667,95.54646119,91.61289954,1.226917808,222,2240.375
221,Belém,PA,BRA_PA_Belem.816800_INMET.epw,INMET,-1.46,-48.5,27.15961187,8.259726027,4.7625,3343.258333,867.2208333,63.27659817,103.9011416,0.986426941,24,2949.479167
222,Bragança,PA,BRA_PA_Braganca.816850_INMET.epw,INMET,-1.05,-46.78,26.47391553,7.522191781,5.483333333,3092.979167,702.4291667,73.1446347,104.1305936,1.772534247,33,2707.8
223,Cametá,PA,BRA_PA_Cameta.817100_INMET.epw,INMET,-2.25,-49.49,27.21635845,7.483561644,5.845833333,3363.970833,894.6916667,101.3119863,97.62180365,1.59609589,22,2958.591667
224,Castanhal,PA,BRA_PA_Castanhal.816820_INMET.epw,INMET,-1.3,-47.92,26.20378995,8.682465753,4.4625,2994.383333,671.8,99.38732877,102.808105,2.41140411,65,2617.991667
225,Conceição do Araguaia,PA,BRA_PA_Conceicao.do.Araguaia.819400_INMET.epw,INMET,-6.28,-49.27,26.76690639,10.44219178,7.841666667,3199.920833,924.8541667,81.68527397,99.62694064,1.359452055,180,2808.054167
226,Itaituba,PA,BRA_PA_Itaituba.817780_INMET.epw,INMET,-4.28,-55.99,26.86221461,7.904931507,6.066666667,3234.708333,793.2625,81.83550228,95.46575342,0.927876712,13,2845.145833
227,Marabá,PA,BRA_PA_Maraba.825620_INMET.epw,INMET,-5.37,-49.12,26.49401826,9.349863014,5.491666667,3100.316667,794.4166667,82.41415525,99.29212329,1.13489726,84,2746.179167
228,Novo Repartimento,PA,BRA_PA_Novo.Repartimento.817840_INMET.epw,INMET,-4.26,-49.93,26.31906393,8.432328767,5.520833333,3036.458333,716.7458333,71.44280822,101.3058219,1.608835616,113,2671.225
229,Pacajá,PA,BRA_PA_Pacaja.817420_INMET.epw,INMET,-3.84,-50.64,26.09781963,8.707945205,5.045833333,2955.708333,689.8541667,63.45422374,104.0390411,1.087100457,108,2611.916667
230,Paragominas,PA,BRA_PA_Paragominas.817450_INMET.epw,INMET,-3.01,-47.34,26.36994292,9.850958904,5.904166667,3055.054167,807.0041667,91.15993151,104.3172374,1.558184932,101,2715.654167
231,Placas,PA,BRA_PA_Placas.817370_INMET.epw,INMET,-3.86,-54.22,26.26666667,9.024657534,5.6875,3017.333333,735.8958333,61.62739726,103.3364155,1.026952055,96,2666.591667
232,Rondon do Pará,PA,BRA_PA_Rondon.do.Para.817860_INMET.epw,INMET,-4.78,-48.07,26.33827626,9.86739726,6.279166667,3043.470833,791.65,76.27910959,103.9996575,1.588493151,221,2683.116667
233,Salinópolis,PA,BRA_PA_Salinopolis.816600_INMET.epw,INMET,-0.62,-47.35,27.16197489,4.722191781,5.070833333,3344.120833,848.2416667,75.39474886,102.5238584,3.008915525,20,2923.166667
234,Santana do Araguaia,PA,BRA_PA_Santana.do.Araguaia.819820_INMET.epw,INMET,-9.34,-50.33,26.33135845,10.65287671,7.666666667,3040.979167,836.1708333,74.58458904,100.8325342,1.290570776,168,2678.020833
235,Serra dos Carajás,PA,BRA_PA_Serra.dos.Carajas.818600_INMET.epw,INMET,-6.08,-50.14,23.66492009,5.49260274,6.825,2067.7,157.5541667,59.02751142,103.4240868,2.976860731,719,1817.429167
236,Soure,PA,BRA_PA_Soure.821410_INMET.epw,INMET,-0.81,-48.52,28.07552511,4.543287671,5.041666667,3677.566667,1131.579167,110.565411,96.35958904,2.739840183,11,3244.5
237,Tomé Açu,PA,BRA_PA_Tome.Acu.817110_INMET.epw,INMET,-2.59,-48.36,25.9977968,9.722191781,5.2,2919.195833,706.225,81.10365297,106.5672374,1.030901826,38,2586.525
238,Tucuruí,PA,BRA_PA_Tucurui.817430_INMET.epw,INMET,-3.82,-49.68,27.36156393,6.821369863,5.129166667,3416.970833,917.7375,79.09006849,100.88379,1.38140411,148,3011.904167
239,Areia,PB,BRA_PB_Areia.818770_INMET.epw,INMET,-6.96,-35.69,22.47221461,6.597534247,5.408333333,1632.766667,129.5583333,81.18413242,106.7622146,3.989737443,575,1415.725
240,Cabaceiras,PB,BRA_PB_Cabaceiras.819150_INMET.epw,INMET,-7.48,-36.29,25.37600457,10.0169863,7.05,2697.320833,632.4291667,106.4271689,101.9010274,2.883184932,436,2344.466667
241,Camaratuba,PB,BRA_PB_Camaratuba.818780_INMET.epw,INMET,-6.61,-35.13,24.85134703,7.10739726,5.154166667,2500.741667,389.7916667,92.80901826,105.1318493,3.428538813,136,2184.445833
242,Campina Grande,PB,BRA_PB_Campina.Grande.819160_INMET.epw,INMET,-7.23,-35.88,23.62342466,7.861369863,5.625,2053.354167,287.8166667,95.64977169,104.6973744,3.095468037,548,1788.083333
243,João Pessoa,PB,BRA_PB_Joao.Pessoa.819180_INMET.epw,INMET,-7.11,-34.86,26.01545662,5.568767123,5.658333333,2925.641667,550.3166667,107.7302511,100.4534247,2.431210046,44,2557.716667
244,Monteiro,PB,BRA_PB_Monteiro.819140_INMET.epw,INMET,-7.89,-37.12,24.2397032,10.5369863,7.170833333,2295.395833,499.7541667,121.3679224,96.5890411,2.607009132,604,1988.458333
245,Patos,PB,BRA_PB_Patos.819130_INMET.epw,INMET,-7.02,-37.28,27.24381279,10.18273973,6.9125,3373.991667,1023.870833,128.1454338,94.06506849,2.864611872,249,2936.870833
246,São Gonçalo,PB,BRA_PB_Sao.Goncalo.817740_INMET.epw,INMET,-6.84,-38.31,26.82941781,10.9630137,7.1875,3225.804167,945.2833333,130.3289954,93.03356164,1.669520548,234,2867.5875
247,Arcoverde,PE,BRA_PE_Arcoverde.819530_INMET.epw,INMET,-8.42,-37.05,23.58666667,10.14054795,8.4625,2051.775,426.3166667,108.3107306,98.46312785,3.100353881,681,1773.216667
248,Cabrobó,PE,BRA_PE_Cabrobo.828860_INMET.epw,INMET,-8.5,-39.31,26.78030822,9.67260274,8.2875,3204.904167,933.4833333,108.5635845,99.98378995,3.094691781,342,2788.65
249,Caruaru,PE,BRA_PE_Caruaru.828950_INMET.epw,INMET,-8.24,-35.99,23.33968037,9.327671233,6.333333333,1957.179167,314.6208333,92.46221461,105.2408676,2.843242009,550,1693.333333
250,Floresta,PE,BRA_PE_Floresta.819770_INMET.epw,INMET,-8.61,-38.59,26.60287671,10.12712329,8.741666667,3140.320833,910.3083333,103.997032,101.540411,2.952522831,329,2741.7125
251,Garanhuns,PE,BRA_PE_Garanhuns.819550_INMET.epw,INMET,-8.89,-36.49,21.03924658,7.728493151,7.791666667,1157.85,133.0791667,88.22477169,104.3509132,3.107694064,823,1003.766667
252,Ibimirim,PE,BRA_PE_Ibimirim.819540_INMET.epw,INMET,-8.51,-37.71,25.59972603,10.79972603,9.370833333,2778.6625,752.4958333,113.5925799,97.73892694,2.554600457,448,2414.354167
253,Palmares,PE,BRA_PE_Palmares.819570_INMET.epw,INMET,-8.67,-35.57,25.0530137,8.583287671,6.979166667,2574.35,503.3666667,76.17031963,109.7921233,2.104257991,180,2235
254,Petrolina,PE,BRA_PE_Petrolina.819910_INMET.epw,INMET,-9.39,-40.51,26.91041096,9.15890411,8.229166667,3252.3,933.725,103.747032,100.3757991,3.07956621,370,2828.3
255,Recife,PE,BRA_PE_Recife.819580_INMET.epw,INMET,-8.05,-34.88,25.75100457,6.690958904,5.704166667,2829.116667,544.9583333,136.8791096,98.86267123,1.829075342,10,2470.4875
256,Serra Talhada,PE,BRA_PE_Serra.Talhada.819120_INMET.epw,INMET,-7.95,-38.29,25.26196347,9.874246575,8.329166667,2651.916667,626.7166667,100.8103881,101.5487443,2.258926941,461,2355.5375
257,Surubim,PE,BRA_PE_Surubim.819170_INMET.epw,INMET,-7.84,-35.79,24.21863014,9.18739726,6.4625,2271.058333,422.75,100.7408676,103.7389269,3.332728311,418,1970.575
258,Alvorada do Gurguéia,PI,BRA_PI_Alvorada.do.Gurgueia.818460_INMET.epw,INMET,-8.44,-43.86,26.30535388,9.246575342,8.670833333,3031.566667,826.4291667,109.8628995,95.96369863,1.757214612,270,2687.8625
259,Bom Jesus do Piaui,PI,BRA_PI_Bom.Jesus.do.Piaui.829750_INMET.epw,INMET,-9.07,-44.36,26.39155251,11.45506849,10.35416667,3065.704167,934.3458333,101.4178082,97.06255708,1.697191781,331,2728.079167
260,Caracol,PI,BRA_PI_Caracol.819880_INMET.epw,INMET,-9.29,-43.32,24.69560502,11.78328767,9.675,2483.075,654.55,113.8377854,94.1966895,2.006107306,100,2214.783333
261,Castelo do Piaui,PI,BRA_PI_Castelo.do.Piaui.818290_INMET.epw,INMET,-5.35,-41.51,27.32623288,10.65232877,7.966666667,3405.054167,1104.004167,111.2181507,99.17305936,2.047203196,286,3032.1875
262,Esperantina,PI,BRA_PI_Esperantina.817510_INMET.epw,INMET,-3.9,-42.26,26.98109589,11.19150685,6.416666667,3278.1,980.2208333,111.308105,99.00148402,1.536906393,65,2880.604167
263,Floriano,PI,BRA_PI_Floriano.818680_INMET.epw,INMET,-6.77,-43.02,27.58409817,10.13643836,9.929166667,3498.2,1116.279167,94.59634703,98.11141553,1.402705479,123,3070.120833
264,Gilbués,PI,BRA_PI_Gilbues.819860_INMET.epw,INMET,-9.87,-45.35,26.49365297,10.58191781,9.483333333,3100.766667,900.1583333,121.2007991,93.56324201,2.446803653,425,2767.6875
265,Oeiras,PI,BRA_PI_Oeiras.818690_INMET.epw,INMET,-6.97,-42.15,26.79577626,12.49041096,8.245833333,3219.116667,1058.575,104.2590183,97.84680365,1.648025114,156,2855.679167
266,Parnaíba,PI,BRA_PI_Parnaiba.817520_INMET.epw,INMET,-2.9,-41.78,27.34453196,10.0230137,6.758333333,3410.754167,1022.920833,98.71164384,104.9289954,3.115239726,80,3018.545833
267,Paulistana,PI,BRA_PI_Paulistana.828820_INMET.epw,INMET,-8.14,-41.15,27.58108447,9.868493151,9.208333333,3497.095833,1130.35,124.8575342,92.39600457,3.318344749,374,3106.070833
268,Picos,PI,BRA_PI_Picos.827910_INMET.epw,INMET,-7.07,-41.4,28.21813927,12.69671233,9.466666667,3730.370833,1414.458333,109.3627854,98.40570776,2.159417808,233,3331.683333
269,Piripiri,PI,BRA_PI_Piripiri.817940_INMET.epw,INMET,-4.27,-41.78,27.90363014,11.79369863,7.708333333,3614.825,1248.229167,123.6428082,95.74577626,1.517534247,161,3192.433333
270,São João do Piauí,PI,BRA_PI_Sao.Joao.do.Piaui.818480_INMET.epw,INMET,-8.36,-42.25,28.24011416,11.29150685,9.979166667,3737.641667,1340.116667,121.3552511,93.26849315,2.076130137,235,3333.883333
271,São Pedro do Piauí,PI,BRA_PI_Sao.Pedro.do.Piaui.818280_INMET.epw,INMET,-5.91,-42.72,26.23461187,10.23616438,7.845833333,3005.6875,796.4291667,104.8522831,98.40376712,1.660159817,287,2669.075
272,São Raimundo Nonato,PI,BRA_PI_Sao.Raimundo.Nonato.819890_INMET.epw,INMET,-9.03,-42.7,27.03424658,11.15287671,7.9125,3303.25,1046.2875,111.8993151,95.12899543,1.694543379,402,2911.525
273,Teresina,PI,BRA_PI_Teresina.818320_INMET.epw,INMET,-5.09,-42.8,27.6931621,11.54027397,7.466666667,3538.129167,1186.233333,109.0321918,100.0978311,1.304874429,74,3127.704167
274,Uruçuí,PI,BRA_PI_Urucui.819050_INMET.epw,INMET,-7.47,-44.34,25.81405251,9.913150685,8.654166667,2852.2125,714.2041667,98.82294521,96.37214612,1.069269406,393,2510.9125
275,Valença do Piauí,PI,BRA_PI_Valenca.do.Piaui.818700_INMET.epw,INMET,-6.4,-41.74,27.06648402,11.37013699,8.408333333,3309.275,1048.104167,100.4186073,99.60308219,1.706175799,301,2945.620833
276,Castro,PR,BRA_PR_Castro.869210_INMET.epw,INMET,-24.79,-50.01,16.87437215,10.38082192,14.5375,536.6208333,36.74583333,65.58755708,88.10958904,1.830753425,1008,465.8041667
277,Cidade Gaúcha,PR,BRA_PR_Cidade.Gaucha.868980_INMET.epw,INMET,-23.36,-52.93,22.8206621,10.77178082,19.2125,1930.604167,441.2291667,81.59748858,91.74212329,1.973710046,381,1679.375
278,Clevelândia,PR,BRA_PR_Clevelandia.869390_INMET.epw,INMET,-26.42,-52.35,17.5685274,9.837534247,19.99583333,643.7458333,51.73333333,75.52694064,88.3152968,2.907796804,980,565.1083333
279,Curitiba,PR,BRA_PR_Curitiba.838420_INMET.epw,INMET,-25.43,-49.27,17.38077626,8.92739726,15.03333333,553.3916667,41.5,58.96940639,88.31940639,2.177477169,924,477.1833333
280,Diamante do Norte,PR,BRA_PR_Diamante.do.Norte.868610_INMET.epw,INMET,-22.64,-52.89,22.79497717,10.52821918,18.53333333,1906.2375,410.3833333,94.01712329,90.60525114,2.951278539,362,1662.608333
281,Dois Vizinhos,PR,BRA_PR_Dois.Vizinhos.869270_INMET.epw,INMET,-25.69,-53.09,20.0176484,10.87917808,20.24583333,1192.291667,207.0583333,87.41495434,88.2086758,2.765114155,520,1011.129167
282,Foz do Iguaçu,PR,BRA_PR_Foz.do.Iguacu-Cataratas.Intl.AP.869250_INMET.epw,INMET,-25.6,-54.48,21.54128995,10.47945205,23.57083333,1710.470833,415.7458333,71.31244292,87.11952055,2.717363014,231,1451.820833
283,General Carneiro,PR,BRA_PR_General.Carneiro.869410_INMET.epw,INMET,-26.4,-51.35,15.84160959,11.42273973,16.53333333,462.7,42.875,55.13573059,82.09623288,1.360513699,1018,398.9875
284,Ibaiti,PR,BRA_PR_Ibaiti.869020_INMET.epw,INMET,-23.77,-50.18,20.21466895,9.434246575,18.14166667,1137.025,150.0041667,78.74885845,90.56689498,2.545856164,930,999.1541667
285,Icaraíma,PR,BRA_PR_Icaraima.868970_INMET.epw,INMET,-23.4,-53.61,22.41539954,9.64739726,21.20416667,1841.391667,361.6666667,89.71438356,85.79223744,3.069452055,385,1566.1875
286,Ilha do Mel,PR,BRA_PR_Ilha.do.Mel.869350_INMET.epw,INMET,-25.57,-48.32,21.06252283,5.517534247,12.95833333,1236.4125,77.675,62.5576484,83.48881279,2.696598174,1,1029.729167
287,Inácio Martins,PR,BRA_PR_Inacio.Martins.869290_INMET.epw,INMET,-25.57,-51.08,16.28953196,8.242465753,18.10416667,375.5,7.7,67.70993151,86.15947489,2.686552511,1260,310.4208333
288,Ivaí,PR,BRA_PR_Ivai.869300_INMET.epw,INMET,-25.01,-50.86,19.09050228,10.8090411,18.5875,1000.954167,130.3833333,69.1783105,89.55079909,1.777853881,808,842.1083333
289,Joaquim Távora,PR,BRA_PR_Joaquim.Tavora.869030_INMET.epw,INMET,-23.5,-49.9,20.51113014,10.98575342,18.21666667,1283.791667,198.4208333,81.58835616,91.61027397,2.780296804,522,1109.116667
290,Londrina,PR,BRA_PR_Londrina.837680_INMET.epw,INMET,-23.38,-51.18,21.8308105,11.01616438,17.925,1658.583333,303.3541667,52.90376712,96.53573059,2.330821918,566,1440.395833
291,Marechal Cândido Rondon,PR,BRA_PR_Marechal.Candido.Rondon.869160_INMET.epw,INMET,-24.56,-54.06,21.40307078,11.21315068,20.87083333,1555.366667,331.7166667,83.3640411,90.07899543,3.356621005,392,1339.575
292,Maringá,PR,BRA_PR_Maringa.868990_INMET.epw,INMET,-23.42,-51.94,23.02703196,9.418630137,19.52916667,1983.566667,369.9416667,83.87614155,92.40993151,2.232945205,542,1738.720833
293,Nova Fátima,PR,BRA_PR_Nova.Fatima.869010_INMET.epw,INMET,-23.43,-50.56,20.77063927,9.523835616,17.34166667,1258.245833,142.4041667,88.95502283,90.13002283,3.129178082,668,1101.820833
294,Nova Tebas,PR,BRA_PR_Nova.Tebas.869190_INMET.epw,INMET,-24.44,-51.94,20.20173516,10.04739726,14.94583333,1155.3875,155.4708333,91.00753425,90.02157534,0,654,997.1083333
295,Paranapoema,PR,BRA_PR_Paranapoema.868620_INMET.epw,INMET,-22.49,-52.13,22.86751142,11.18219178,18.82083333,1934.65,433.7291667,90.15707763,91.68550228,3.012899543,311,1685.033333
296,Planalto,PR,BRA_PR_Planalto.869260_INMET.epw,INMET,-25.72,-53.75,21.32466895,10.25726027,22.06666667,1548.720833,310.45,82.06369863,88.47842466,2.929121005,346,1298.145833
297,Arraial do Cabo,RJ,BRA_RJ_Arraial.do.Cabo.868920_INMET.epw,INMET,-22.97,-42.03,22.93054795,3.662739726,8.770833333,1801.9625,60.34583333,86.24200913,84.66689498,3.774748858,4,1594.475
298,Cambuci,RJ,BRA_RJ_Cambuci.868540_INMET.epw,INMET,-21.58,-41.91,23.304121,10.17890411,13.37083333,2024.95,401.0416667,78.72442922,91.18824201,2.456050228,35,1744.833333
299,Campos dos Goytacazes,RJ,BRA_RJ_Campos.dos.Goytacazes.868550_INMET.epw,INMET,-21.75,-41.32,24.01347032,8.248219178,10.75,2212.4,391.75,81.8086758,92.39383562,3.109440639,25,1924.829167
300,Duque de Caxias,RJ,BRA_RJ_Duque.de.Caxias-Xerem.868770_INMET.epw,INMET,-22.57,-43.3,23.05347032,10.31808219,14.57916667,1956.3875,426.3208333,59.29372146,87.67511416,0.912853881,0,1683.9875
301,Farol de São Tomé,RJ,BRA_RJ_Farol.de.Sao.Tome.868900_INMET.epw,INMET,-22.04,-41.05,23.78877854,5.130958904,9.375,2121.454167,201.9208333,95.18687215,85.78710046,3.785673516,4,1851.05
302,Macaé,RJ,BRA_RJ_Macae.868910_INMET.epw,INMET,-22.37,-41.79,23.57098174,8.333972603,11.17916667,2061.279167,344.9583333,83.11038813,88.56107306,2.424509132,32,1791.879167
303,Niterói,RJ,BRA_RJ_Niteroi.868810_INMET.epw,INMET,-22.91,-43.13,21.9460274,5.590410959,13.16666667,1477.441667,99.75416667,69.86255708,87.20981735,1.795057078,13,1283.1875
304,Paraty,RJ,BRA_RJ_Paraty.869130_INMET.epw,INMET,-23.22,-44.71,22.01192922,8.099726027,11.0375,1566.095833,190.8625,72.18721461,83.47853881,1.603984018,4,1331.6375
305,Petrópolis,RJ,BRA_RJ_Petropolis-Pico.do.Couto.868760_INMET.epw,INMET,-22.46,-43.3,13.60248858,5.500547945,13.35,47.025,0,59.66849315,88.62146119,4.698721461,1777,40.93333333
306,Resende,RJ,BRA_RJ_Resende.837380_INMET.epw,INMET,-22.47,-44.45,20.70146119,9.724109589,12.00833333,1214.8875,164.6333333,65.52226027,86.42317352,1.805490868,440,1058.995833
307,Rio de Janeiro,RJ,BRA_RJ_Rio.de.Janeiro-Vila.Militar.868790_INMET.epw,INMET,-22.86,-43.41,23.15115297,9.143013699,13.6125,1962.4625,359.2125,72.82317352,84.09394977,1.368527397,45,1698.620833
308,Teresópolis,RJ,BRA_RJ_Teresopolis.868880_INMET.epw,INMET,-22.41,-42.97,17.8371347,7.870958904,15.92083333,531.5291667,22.55,67.46210046,80.58447489,0.99913242,980,454.0458333
309,Valença,RJ,BRA_RJ_Valenca.868750_INMET.epw,INMET,-22.25,-43.7,22.14452055,9.965479452,14.44166667,1674.316667,287.6875,82.42614155,87.77910959,1.518253425,367,1467.804167
310,Apodi,RN,BRA_RN_Apodi.818350_INMET.epw,INMET,-5.63,-37.83,26.76208904,10.15506849,7.291666667,3198.1625,884.0208333,126.9573059,94.29143836,2.599018265,150,2775.508333
311,Caicó,RN,BRA_RN_Caico.818750_INMET.epw,INMET,-6.46,-37.1,27.77422374,10.73753425,7.508333333,3567.591667,1185.983333,127.0777397,95.00684932,3.127420091,170,3116.041667
312,Macau,RN,BRA_RN_Macau.818360_INMET.epw,INMET,-5.11,-36.63,26.90243151,6.630410959,4.1125,3249.3875,782.875,106.7276256,101.2074201,4.225079909,3,2842.629167
313,Mossoró,RN,BRA_RN_Mossoro.818340_INMET.epw,INMET,-5.19,-37.34,26.71141553,9.079452055,5.270833333,3179.691667,822.3625,125.0205479,93.95239726,3.318344749,36,2773.283333
314,Natal,RN,BRA_RN_Natal.818390_INMET.epw,INMET,-5.8,-35.21,26.90243151,6.630410959,4.1125,3249.3875,782.875,106.7416667,101.053653,4.225308219,49,2842.629167
315,Touros,RN,BRA_RN_Touros.818380_INMET.epw,INMET,-5.16,-35.49,26.84059361,4.783561644,6.370833333,3226.816667,760.2291667,133.6002283,90.61392694,6.574920091,17,2814.658333
316,Ariquemes,RO,BRA_RO_Ariquemes.819700_INMET.epw,INMET,-9.95,-62.96,25.63237443,9.844109589,11.24166667,2788.095833,654.35,73.56803653,101.0015982,1.362146119,140,2454.220833
317,Cacoal,RO,BRA_RO_Cacoal.866220_INMET.epw,INMET,-11.45,-61.43,26.14655251,10.0769863,9.358333333,2974.479167,775.1291667,71.13139269,102.1263699,1.276084475,210,2619.895833
318,Porto Velho,RO,BRA_RO_Porto.Velho.819320_INMET.epw,INMET,-8.76,-63.9,25.93243151,8.73369863,10.84166667,2895.966667,646.9916667,57.68116438,99.75205479,1.403424658,95,2551.383333
319,Vilhena,RO,BRA_RO_Vilhena.866420_INMET.epw,INMET,-12.73,-60.16,24.21474886,8.891780822,14.65416667,2287.591667,398.5958333,69.425,99.84657534,1.786175799,590,2009.716667
320,Boa Vista,RR,BRA_RR_Boa.Vista.816150_INMET.epw,INMET,2.8,-60.65,27.01122146,8.572876712,6.816666667,3289.095833,876.3,72.0347032,100.5982877,1.522785388,90,2886.5375
321,Alegrete,RS,BRA_RS_Alegrete.869750_INMET.epw,INMET,-29.78,-55.79,19.15522831,10.5660274,24.54583333,1212.8,257.1541667,83.89771689,85.27077626,2.531038813,121,981.4708333
322,Bagé,RS,BRA_RS_Bage.839800_INMET.epw,INMET,-31.33,-54.11,17.62994292,10.03452055,23.85833333,819.4083333,138.8833333,78.81335616,84.90582192,3.516997717,230,644.25
323,Bento Gonçalves,RS,BRA_RS_Bento.Goncalves.869790_INMET.epw,INMET,-29.17,-51.52,17.1763242,8.715890411,19.99166667,617.5291667,58.7,72.20159817,83.831621,2.83890411,640,497.8416667
324,Caçapava do Sul,RS,BRA_RS_Cacapava.do.Sul.869860_INMET.epw,INMET,-30.51,-53.49,17.59594749,8.474794521,20.84166667,743.4916667,82.225,79.44497717,84.10079909,3.933938356,420,605.3666667
325,Camaquã,RS,BRA_RS_Camaqua.869890_INMET.epw,INMET,-30.81,-51.83,17.92069635,9.54739726,19.74166667,813.0916667,105.0708333,64.06723744,82.80856164,1.662636986,108,643.3083333
326,Canela,RS,BRA_RS_Canela.AP.869800_INMET.epw,INMET,-29.37,-50.83,15.64268265,7.952876712,20.9625,410.9083333,18.42083333,60.83618721,81.38847032,2.873196347,830,358.5625
327,Canguçu,RS,BRA_RS_Cangucu.869930_INMET.epw,INMET,-31.41,-52.7,16.24605023,7.818356164,19.475,532.0166667,37.73333333,60.4956621,80.61369863,5.14847032,464,452.7041667
328,Chuí,RS,BRA_RS_Chui.869980_INMET.epw,INMET,-33.74,-53.37,17.24181507,7.303013699,20.6,696.2791667,46.75833333,72.70239726,82.38607306,3.710605023,26,538.6666667
329,Cruz Alta,RS,BRA_RS_Cruz.Alta.839120_INMET.epw,INMET,-28.6,-53.67,18.57393836,11.09835616,23.04583333,1002.695833,186.5583333,84.43618721,86.21826484,3.375273973,432,814.6083333
330,Erechim,RS,BRA_RS_Erechim.869540_INMET.epw,INMET,-27.63,-52.27,17.45283105,10.3030137,19.8125,674.7333333,72.69583333,79.45936073,86.48299087,2.18946347,765,553.6833333
331,Frederico Westphalen,RS,BRA_RS_Frederico.Westphalen.869510_INMET.epw,INMET,-27.4,-53.43,19.25374429,10.09753425,21.77916667,1067.591667,171.5333333,78.8380137,85.93767123,2.000228311,490,872.9875
332,Jaguarão,RS,BRA_RS_Jaguarao.869960_INMET.epw,INMET,-32.57,-53.38,17.860879,9.552876712,21.05833333,863.65,109.1625,67.76974886,83.62899543,2.856187215,47,699.5208333
333,Lagoa Vermelha,RS,BRA_RS_Lagoa.Vermelha.869650_INMET.epw,INMET,-28.22,-51.51,16.61941781,9.635342466,19.3875,534.9375,46.13333333,71.15730594,87.2053653,3.362636986,842,438.4541667
334,Mostardas,RS,BRA_RS_Mostardas.839700_INMET.epw,INMET,-31.25,-50.91,18.87122146,5.129863014,17.50416667,854.9375,22.5,82.61678082,83.57111872,5.907385845,10,714.3916667
335,Palmeira das Missões,RS,BRA_RS_Palmeira.das.Missoes.869530_INMET.epw,INMET,-27.92,-53.32,18.37181507,9.59369863,23.24583333,865.4708333,107.4583333,77.1097032,86.37283105,2.647191781,642,731.5208333
336,Passo Fundo,RS,BRA_RS_Passo.Fundo.869630_INMET.epw,INMET,-28.26,-52.41,17.50045662,9.771232877,21.15416667,690.0875,81.4625,77.4946347,84.66575342,3.613858447,684,566.7625
337,Porto Alegre,RS,BRA_RS_Porto.Alegre.869880_INMET.epw,INMET,-30.03,-51.23,20.02686073,9.155068493,21.52916667,1217.120833,216.3125,66.52363014,82.6369863,1.54783105,47,968.075
338,Quaraí,RS,BRA_RS_Quarai.869820_INMET.epw,INMET,-30.37,-56.44,19.05133562,11.64520548,24.45416667,1259.9,308.5083333,81.91700913,84.20799087,3.158139269,124,1012.295833
339,Rio Pardo,RS,BRA_RS_Rio.Pardo.869780_INMET.epw,INMET,-29.87,-52.38,18.79203196,9.313972603,21.88333333,993.9125,161.725,76.12180365,81.20787671,2.865844749,111,806.8541667
340,Santa Maria,RS,BRA_RS_Santa.Maria.839360_INMET.epw,INMET,-29.68,-53.81,19.04189498,10.25369863,21.76666667,1115.645833,208.3208333,70.90045662,80.95616438,2.061118721,95,888.3625
341,Santana do Livramento,RS,BRA_RS_Santana.do.Livramento.839530_INMET.epw,INMET,-30.89,-55.53,17.5811758,10.33123288,24.01666667,873.1,154.5583333,68.52123288,80.89691781,3.131255708,328,686.525
342,Santiago,RS,BRA_RS_Santiago.869760_INMET.epw,INMET,-29.19,-54.89,18.62526256,9.878630137,22.59166667,1077.291667,182.9083333,75.63915525,83.24657534,3.340011416,394,900.8333333
343,Santo Augusto,RS,BRA_RS_Santo.Augusto.869520_INMET.epw,INMET,-27.85,-53.78,19.04808219,9.681643836,23.3625,1018.920833,155.7375,70.12956621,83.4609589,3.279315068,550,836.0083333
344,São Borja,RS,BRA_RS_Sao.Borja.869600_INMET.epw,INMET,-28.66,-56,20.6626484,10.48986301,24.9375,1525.1375,364.2083333,82.70639269,86.90251142,2.882020548,83,1233.754167
345,São Gabriel,RS,BRA_RS_Sao.Gabriel.869840_INMET.epw,INMET,-30.34,-54.31,19.07505708,10.39890411,23.18333333,1153.491667,233.85,81.25513699,84.5119863,2.136484018,126,931.8541667
346,São José dos Ausentes,RS,BRA_RS_Sao.Jose.dos.Ausentes.869670_INMET.epw,INMET,-28.75,-50.07,13.8006621,8.12630137,15.5875,143.75,0.95,66.35045662,84.56324201,6.156678082,1244,123.225
347,São Luiz Gonzaga,RS,BRA_RS_Sao.Luiz.Gonzaga.869610_INMET.epw,INMET,-28.41,-54.96,20.26398402,10.88082192,25.49166667,1404.55,313.6458333,86.45011416,86.99360731,2.735,245,1146.629167
348,Soledade,RS,BRA_RS_Soledade.869640_INMET.epw,INMET,-28.85,-52.54,17.40107306,9.062191781,22.1625,745.3708333,85.125,71.45182648,81.4793379,4.299394977,667,649.5083333
349,Torres,RS,BRA_RS_Torres.869810_INMET.epw,INMET,-29.33,-49.73,18.85308219,5.935616438,16.06666667,756.5958333,18.42916667,76.47716895,82.24349315,2.890582192,5,593.9625
350,Tramandaí,RS,BRA_RS_Tramandai.869900_INMET.epw,INMET,-30.01,-50.14,18.97011416,5.074794521,17.5125,787.7,21.825,75.02134703,81.29109589,4.751324201,1,650.7333333
351,Uruguaiana,RS,BRA_RS_Uruguaiana.869730_INMET.epw,INMET,-29.75,-57.09,19.55009132,10.70657534,25.19583333,1293.429167,282.3875,80.74817352,85.25787671,1.898641553,62,1034.925
352,Vacaria,RS,BRA_RS_Vacaria.869660_INMET.epw,INMET,-28.51,-50.88,15.64365297,10.15671233,18.53333333,458.35,30.77916667,64.49634703,84.88276256,3.640091324,986,399.7291667
353,Araranguá,SC,BRA_SC_Ararangua.869710_INMET.epw,INMET,-28.93,-49.5,19.36913242,8.312328767,17.29166667,1044.5625,98.40416667,58.22534247,82.93984018,2.145045662,12,897.6416667
354,Caçador,SC,BRA_SC_Cacador.869430_INMET.epw,INMET,-26.82,-50.84,16.46221461,10.48794521,16.64583333,513.5875,37.08333333,63.63892694,87.22271689,1.882294521,952,443.3583333
355,Curitibanos,SC,BRA_SC_Curitibanos.AP.869560_INMET.epw,INMET,-27.29,-50.6,16.08818493,8.849041096,18.27916667,401.3041667,21.30833333,65.68972603,87.53287671,3.325308219,982,336.4416667
356,Dionísio Cerqueira,SC,BRA_SC_Dionisio.Cerqueira.869360_INMET.epw,INMET,-26.29,-53.63,19.20011416,7.688767123,21.02916667,1007.4,96.23333333,71.70353881,85.03105023,3.651575342,810,888.5125
357,Florianópolis,SC,BRA_SC_Florianopolis.838970_INMET.epw,INMET,-27.6,-48.55,20.91254566,7.186027397,17.35833333,1284.254167,94.0875,61.83778539,85.04589041,2.43010274,2,1077.8125
358,Indaial,SC,BRA_SC_Indaial.838720_INMET.epw,INMET,-26.92,-49.27,19.95671233,8.46630137,18.975,1080.241667,133.25,51.75856164,83.31324201,1.08239726,86,897.3791667
359,Itapoá,SC,BRA_SC_Itapoa.869470_INMET.epw,INMET,-26.12,-48.62,19.94311644,7.498356164,18.04583333,1043.283333,78.03333333,52.45365297,83.91952055,1.329178082,2,863.6
360,Ituporanga,SC,BRA_SC_Ituporanga.869570_INMET.epw,INMET,-27.42,-49.65,18.15084475,9.196438356,21.42916667,821.4333333,101.8375,71.35981735,93.23105023,1.28696347,484,710.2791667
361,Joaçaba,SC,BRA_SC_Joacaba-Santa.Terezinha.Muni.AP.869550_INMET.epw,INMET,-27.17,-51.56,17.61929224,10.31835616,18.00416667,681.2166667,75.09583333,69.60182648,88.24303653,3.021815068,776,567.9208333
362,Major Vieira,SC,BRA_SC_Major.Vieira.869420_INMET.epw,INMET,-26.4,-50.36,16.9647032,9.696986301,17.79583333,588.8833333,58.425,52.48527397,83.59646119,2.251666667,808,522.8166667
363,Novo Horizonte,SC,BRA_SC_Novo.Horizonte.869380_INMET.epw,INMET,-26.41,-52.85,18.10191781,7.469041096,20.95,743.425,40.99166667,69.37876712,85.5239726,3.617853881,960,661.0083333
364,Rio Negrinho,SC,BRA_SC_Rio.Negrinho.869450_INMET.epw,INMET,-26.25,-49.58,16.40135845,9.748493151,16.3375,467.8958333,39.80833333,58.74497717,87.32591324,2.258139269,869,398.5333333
365,Santa Marta,SC,BRA_SC_Santa.Marta.839250_INMET.epw,INMET,-28.6,-48.81,19.42950913,4.445205479,15.22083333,792.5083333,12.99583333,78.61872146,82.99931507,6.583013699,52,660.125
366,São Joaquim,SC,BRA_SC_Sao.Joaquim.869690_INMET.epw,INMET,-28.28,-49.93,13.63542237,7.938356164,15.28333333,136.675,0.470833333,69.59063927,86.00582192,3.123847032,1410,116.9458333
367,São Miguel do Oeste,SC,BRA_SC_Sao.Miguel.do.Oeste.AP.869370_INMET.epw,INMET,-26.78,-53.5,19.65262557,9.346027397,24.55,1187.595833,196.5208333,76.98995434,85.706621,2.99946347,665,1015.129167
368,Urubici,SC,BRA_SC_Urubici.869680_INMET.epw,INMET,-28.13,-49.48,10.83398402,5.783835616,14.8375,10.2375,0,46.43550228,86.55422374,7.378059361,1810,9.070833333
369,Urussanga,SC,BRA_SC_Urussanga.869700_INMET.epw,INMET,-28.53,-49.32,19.64513699,9.927945205,21.42083333,1159.008333,181.3541667,56.20228311,81.78219178,0.756175799,48,1002.041667
370,Xanxerê,SC,BRA_SC_Xanxere.869400_INMET.epw,INMET,-26.94,-52.4,18.04,8.115616438,21.5875,705.0541667,45.55,72.97659817,87.40924658,3.910171233,889,606.7708333
371,Aracaju,SE,BRA_SE_Aracaju.866160_INMET.epw,INMET,-10.91,-37.07,26.52906393,4.631506849,6.020833333,3113.108333,646.8208333,111.3172374,95.04178082,3.379372146,5,2721.5375
372,Brejo Grande,SE,BRA_SE_Brejo.Grande.866180_INMET.epw,INMET,-10.47,-36.48,26.30893836,7.178356164,5.766666667,3032.7625,656.6916667,101.0711187,100.510274,1.527716895,10,2646.904167
373,Carira,SE,BRA_SE_Carira.866150_INMET.epw,INMET,-10.4,-37.75,24.17756849,9.246849315,7.529166667,2261.8,457.6333333,89.56187215,106.5496575,2.955833333,308,1963.258333
374,Itabaianinha,SE,BRA_SE_Itabaianinha.866380_INMET.epw,INMET,-11.27,-37.79,24.60308219,7.821369863,8.158333333,2410.958333,419.2666667,87.88812785,106.2227169,2.884851598,208,2078.529167
375,Poço Verde,SE,BRA_SE_Poco.Verde.866140_INMET.epw,INMET,-10.74,-38.11,24.00705479,9.372876712,8.35,2203.108333,435.6875,81.9847032,108.4863014,3.522454338,362,1912.575
376,Ariranha,SP,BRA_SP_Ariranha.868410_INMET.epw,INMET,-21.13,-48.84,22.18728311,12.40136986,13.55,1766.079167,376.725,70.22271689,96.22100457,1.837614155,525,1551.375
377,Avaré,SP,BRA_SP_Avare.869040_INMET.epw,INMET,-23.1,-48.93,19.59372146,10.16,16.375,1005.329167,121.8041667,80.61312785,92.04372146,2.200901826,654,879.5333333
378,Bauru,SP,BRA_SP_Bauru.837220_INMET.epw,INMET,-22.32,-49.06,20.84113014,11.05424658,15.86666667,1302.6875,217.225,78.76312785,90.99646119,1.692579909,550,1154.7
379,Campinas,SP,BRA_SP_Campinas.837210_INMET.epw,INMET,-22.82,-47.06,22.04038813,11.71205479,16.20833333,1649.520833,361.075,56.7826484,98.74018265,2.179429224,640,1494.220833
380,Campos do Jordão,SP,BRA_SP_Campos.do.Jordao.868720_INMET.epw,INMET,-22.74,-45.59,15.31269406,9.79890411,11.96666667,261.6583333,3.491666667,73.53116438,91.91438356,2.047979452,1642,223.4625
381,Casa Branca,SP,BRA_SP_Casa.Branca.868440_INMET.epw,INMET,-21.77,-47.09,21.3831621,10.49424658,14.55416667,1430.25,215.5375,86.35353881,89.50388128,1.543344749,730,1253.108333
382,Franca,SP,BRA_SP_Franca.868180_INMET.epw,INMET,-20.54,-47.4,20.96240868,8.881369863,14.17916667,1224.583333,119.8375,83.856621,92.2533105,1.9393379,1026,1095.820833
383,Ibitinga,SP,BRA_SP_Ibitinga.868430_INMET.epw,INMET,-21.86,-48.8,21.91319635,11.93945205,15.70416667,1655.008333,339.975,92.1206621,93.4347032,2.21196347,492,1457.020833
384,Iguape,SP,BRA_SP_Iguape.869230_INMET.epw,INMET,-24.71,-47.56,21.103379,7.600273973,17.66666667,1326.4375,138.3708333,61.80513699,89.05296804,1.534075342,3,1118.366667
385,Itapeva,SP,BRA_SP_Itapeva.837740_INMET.epw,INMET,-23.98,-48.88,19.1084589,9.190684932,16.30416667,850.8541667,90.5875,70.74143836,91.73139269,2.964429224,707,741.1208333
386,Itapira,SP,BRA_SP_Itapira.868690_INMET.epw,INMET,-22.42,-46.81,21.22389269,11.69863014,14.87083333,1444.945833,258.25,71.04360731,95.46358447,1.312785388,633,1262.3625
387,Ituverava,SP,BRA_SP_Ituverava.868170_INMET.epw,INMET,-20.36,-47.78,22.27479452,13.95287671,14.82083333,1863.575,462.4333333,90.64474886,92.01461187,1.690787671,600,1623.729167
388,Jales,SP,BRA_SP_Jales.868140_INMET.epw,INMET,-20.27,-50.55,23.90901826,10.6339726,16.075,2214.045833,500.7541667,87.37385845,93.56347032,2.677796804,457,1953.7375
389,José Bonifácio,SP,BRA_SP_Jose.Bonifacio.868390_INMET.epw,INMET,-21.1,-49.92,22.91840183,12.02739726,15.17916667,1965.833333,459.7583333,78.93299087,95.60513699,2.263184932,405,1728.295833
390,Lins,SP,BRA_SP_Lins.868400_INMET.epw,INMET,-21.68,-49.74,22.82987443,11.2709589,15.79166667,1897.225,409.6958333,93.98527397,92.11073059,1.991815068,459,1668.595833
391,Ourinhos,SP,BRA_SP_Ourinhos.868660_INMET.epw,INMET,-22.98,-49.87,20.91958904,11.50958904,17.49583333,1390.079167,253.9875,82.99166667,92.27990868,1.795045662,448,1209.254167
392,Piracicaba,SP,BRA_SP_Piracicaba.868680_INMET.epw,INMET,-22.73,-47.65,20.91993151,11.3969863,15.83333333,1369.625,225.5458333,85.43230594,90.30365297,2.27152968,573,1203.816667
393,Presidente Prudente,SP,BRA_SP_Presidente.Prudente.837160_INMET.epw,INMET,-22.13,-51.39,23.77913242,10.12931507,18.72083333,2207.870833,477.975,80.39372146,87.6826484,2.038961187,436,1897.891667
394,Rancharia,SP,BRA_SP_Rancharia.868640_INMET.epw,INMET,-22.37,-50.97,21.37754566,13.36575342,19.29583333,1640.6625,378.9083333,79.99178082,91.90593607,1.92783105,350,1426.941667
395,São Carlos,SP,BRA_SP_Sao.Carlos.868450_INMET.epw,INMET,-22.02,-47.89,20.28699772,10.16547945,15.49166667,1145.170833,131.9833333,72.78664384,93.99771689,2.295342466,863,1010.654167
396,São Luís do Paraitinga,SP,BRA_SP_Sao.Luis.do.Paraitinga.869120_INMET.epw,INMET,-23.23,-45.42,19.71097032,10.07150685,15.6875,1114.029167,125.5333333,84.36004566,87.75821918,1.526358447,874,966.3416667
397,São Paulo,SP,BRA_SP_Sao.Paulo.837810_INMET.epw,INMET,-23.85,-46.64,19.56762557,8.342739726,15.08333333,918.6041667,97.16666667,60.30901826,86.27442922,2.083390411,792,806.3541667
398,Sorocaba,SP,BRA_SP_Sorocaba.838510_INMET.epw,INMET,-23.5,-47.46,20.43783105,10.97945205,16.15416667,1266.854167,190.1125,80.56974886,91.43618721,2.53086758,609,1098.1375
399,Taubaté,SP,BRA_SP_Taubate.869110_INMET.epw,INMET,-23.03,-45.56,20.70429224,11.42109589,15.7,1352.658333,225.7666667,84.38721461,88.325,1.935547945,571,1160.791667
400,Valparaíso,SP,BRA_SP_Valparaiso.868380_INMET.epw,INMET,-21.32,-50.93,23.30864155,11.93863014,16.89166667,2076.6875,506.0875,81.1359589,93.97819635,2.515057078,374,1820.075
401,Votuporanga,SP,BRA_SP_Votuporanga.868150_INMET.epw,INMET,-20.42,-49.97,23.73343607,10.85917808,14.77916667,2159.354167,486.5583333,85.11472603,93.17477169,2.02956621,486,1904.641667
402,Araguaína,TO,BRA_TO_Araguaina.819000_INMET.epw,INMET,-7.18,-48.22,25.12849315,10.67753425,5.920833333,2607.6625,633.4166667,84.98561644,100.2728311,0.904166667,226,2292.220833
403,Araguatins,TO,BRA_TO_Araguatins.818210_INMET.epw,INMET,-5.64,-48.11,27.08803653,9.779452055,7.170833333,3317.133333,952.7375,78.32465753,104.0606164,1.464646119,117,2917.816667
404,Dianópolis,TO,BRA_TO_Dianopolis.866320_INMET.epw,INMET,-11.59,-46.85,24.21027397,8.450684932,10.2375,2266.825,378.5583333,86.72248858,97.66015982,2.661027397,732,2007.2625
405,Formoso do Araguaia,TO,BRA_TO_Formoso.do.Araguaia.866290_INMET.epw,INMET,-11.78,-49.61,26.63179224,10.79123288,9.116666667,3151.675,928.95,91.20148402,96.62808219,1.867865297,220,2784.9375
406,Gurupi,TO,BRA_TO_Gurupi.866300_INMET.epw,INMET,-11.72,-49.08,25.84962329,12.49808219,9,2901.3375,889.5125,97.54497717,96.12020548,1.167534247,287,2564.641667
407,Palmas,TO,BRA_TO_Palmas.866070_INMET.epw,INMET,-10.17,-48.33,26.82060502,9.900273973,8.833333333,3219.620833,903.9458333,71.32294521,95.27568493,1.636757991,280,2834.516667
408,Paranã,TO,BRA_TO_Parana.866500_INMET.epw,INMET,-12.6,-47.87,25.93256849,13.0909589,8.15,2931.120833,935.5541667,94.11381279,99.36130137,1.483458904,280,2585.079167
409,Pedro Afonso,TO,BRA_TO_Pedro.Afonso.819410_INMET.epw,INMET,-8.97,-48.17,26.3864726,10.54958904,7.4125,3061.0625,837.8833333,89.87922374,97.50182648,0.765936073,189,2694.458333
410,Peixe,TO,BRA_TO_Peixe.866490_INMET.epw,INMET,-12.02,-48.54,25.91891553,10.61232877,6.758333333,2893.7,765.9125,96.5097032,96.90844749,0.987579909,242,2546.779167
